Timestamp,Elapsed_Time_s,ship_id,latitude,longitude,speed_over_gnd,course_over_gnd,true_heading,rate_of_turn,ship_length,ship_width,index,total_ships
2026-03-15T15:27:19.373432,2.997196912765503,0,49.275,100.4957,0,None,None,None,None,None,0,1
2026-03-15T15:27:20.387386,4.011151313781738,0,49.275,100.4957,0,None,None,None,None,None,0,1
2026-03-15T15:27:20.872503,4.4962687492370605,0,49.275,100.4957,0,None,None,None,None,None,0,1
2026-03-15T15:27:20.872503,4.4962687492370605,47623637,49.275,100.5105,0,None,None,None,None,None,0,1
2026-03-15T15:27:21.373345,4.997108459472656,0,49.275,100.4957,0,None,None,None,None,None,0,1
2026-03-15T15:27:21.373345,4.997108459472656,47623637,49.275,100.5105,0,None,None,None,None,None,0,1
2026-03-15T15:27:22.392254,6.016018867492676,0,49.275,100.4957,0,None,None,None,None,None,0,1
2026-03-15T15:27:22.392254,6.016018867492676,47623637,49.275,100.5105,0,None,None,None,None,None,0,1
2026-03-15T15:27:23.471573,7.095339298248291,0,49.275,100.4957,0,None,None,None,None,None,0,1
2026-03-15T15:27:23.471573,7.095339298248291,47623637,49.275,100.5105,0,None,None,None,None,None,0,1
2026-03-15T15:27:24.490781,8.114551544189453,0,49.275,100.4957,0,None,None,None,None,None,0,1
2026-03-15T15:27:24.490781,8.114551544189453,47623637,49.275,100.5105,0,None,None,None,None,None,0,1
2026-03-15T15:27:25.483059,9.106823921203613,0,49.275,100.4957,0,None,None,None,None,None,0,1
2026-03-15T15:27:25.483059,9.106823921203613,47623637,49.275,100.5105,0,None,None,None,None,None,0,1
2026-03-15T15:27:26.471893,10.095653772354126,0,49.275,100.4957,0,None,None,None,None,None,0,1
2026-03-15T15:27:26.471893,10.095653772354126,47623637,49.275,100.5105,0,None,None,None,None,None,0,1
2026-03-15T15:27:27.471145,11.094910621643066,0,49.275,100.4957,0,None,None,None,None,None,0,1
2026-03-15T15:27:27.471145,11.094910621643066,47623637,49.275,100.5105,0,None,None,None,None,None,0,1
2026-03-15T15:27:28.488359,12.112130403518677,0,49.275,100.4957,0,None,None,None,None,None,0,1
2026-03-15T15:27:28.488359,12.112130403518677,47623637,49.275,100.5105,0,None,None,None,None,None,0,1
2026-03-15T15:27:29.504716,13.128480672836304,0,49.275,100.4957,0,None,None,None,None,None,0,1
2026-03-15T15:27:29.504716,13.128480672836304,47623637,49.275,100.5105,0,None,None,None,None,None,0,1
2026-03-15T15:27:30.478239,14.102004528045654,0,49.275,100.4957,0,None,None,None,None,None,0,1
2026-03-15T15:27:30.478239,14.102004528045654,47623637,49.275,100.5105,0,None,None,None,None,None,0,1
2026-03-15T15:27:31.473064,15.096824645996094,0,49.275,100.4957,0,None,None,None,None,None,0,1
2026-03-15T15:27:31.473064,15.096824645996094,47623637,49.275,100.5105,0,None,None,None,None,None,0,1
2026-03-15T15:27:32.577943,16.20171546936035,0,49.275,100.4957,0,None,None,None,None,None,0,1
2026-03-15T15:27:32.577943,16.20171546936035,47623637,49.275,100.5105,0,None,None,None,None,None,0,1
2026-03-15T15:27:33.571190,17.19495701789856,0,49.275,100.4957,0,None,None,None,None,None,0,1
2026-03-15T15:27:33.571190,17.19495701789856,47623637,49.275,100.5105,0,None,None,None,None,None,0,1
2026-03-15T15:27:34.600220,18.223997831344604,0,49.275,100.4957,0,None,None,None,None,None,0,1
2026-03-15T15:27:34.600220,18.223997831344604,47623637,49.275,100.5105,0,None,None,None,None,None,0,1
2026-03-15T15:27:35.576099,19.199860334396362,0,49.275,100.4957,0,None,None,None,None,None,0,1
2026-03-15T15:27:35.576099,19.199860334396362,47623637,49.275,100.5105,0,None,None,None,None,None,0,1
2026-03-15T15:27:36.582264,20.20602774620056,0,49.275,100.4957,0,None,None,None,None,None,0,1
2026-03-15T15:27:36.582264,20.20602774620056,47623637,49.275,100.5105,0,None,None,None,None,None,0,1
2026-03-15T15:27:37.610109,21.23387336730957,0,49.275,100.4957,0,None,None,None,None,None,0,1
2026-03-15T15:27:37.610109,21.23387336730957,47623637,49.275,100.5105,0,None,None,None,None,None,0,1
2026-03-15T15:27:38.631961,22.256003379821777,0,49.275,100.4957,0,None,None,None,None,None,0,1
2026-03-15T15:27:38.631961,22.256003379821777,47623637,49.275,100.5105,0,None,None,None,None,None,0,1
2026-03-15T15:27:39.636893,23.260656595230103,0,49.275,100.4957,0,None,None,None,None,None,0,1
2026-03-15T15:27:39.636893,23.260656595230103,47623637,49.275,100.5105,0,None,None,None,None,None,0,1
2026-03-15T15:27:40.637109,24.260873079299927,0,49.275,100.4957,0,None,None,None,None,None,0,1
2026-03-15T15:27:40.637109,24.260873079299927,47623637,49.275,100.5105,0,None,None,None,None,None,0,1
2026-03-15T15:27:41.721986,25.345752716064453,0,49.275,100.4957,0,None,None,None,None,None,0,1
2026-03-15T15:27:41.721986,25.345752716064453,47623637,49.275,100.5105,0,None,None,None,None,None,0,1
2026-03-15T15:27:42.722318,26.34608483314514,0,49.275,100.4957,0,None,None,None,None,None,0,1
2026-03-15T15:27:42.722318,26.34608483314514,47623637,49.275,100.5105,0,None,None,None,None,None,0,1
2026-03-15T15:27:43.721650,27.345415115356445,0,49.275,100.4957,0,None,None,None,None,None,0,1
2026-03-15T15:27:43.721650,27.345415115356445,47623637,49.275,100.5105,0,None,None,None,None,None,0,1
2026-03-15T15:27:44.742340,28.366106033325195,0,49.275,100.4957,0,None,None,None,None,None,0,1
2026-03-15T15:27:44.742340,28.366106033325195,47623637,49.275,100.5105,0,None,None,None,None,None,0,1
2026-03-15T15:27:45.706092,29.329856395721436,0,49.275,100.4957,0,None,None,None,None,None,0,1
2026-03-15T15:27:45.706092,29.329856395721436,47623637,49.275,100.5105,0,None,None,None,None,None,0,1
2026-03-15T15:27:46.733152,30.356916427612305,0,49.275,100.4957,0,None,None,None,None,None,0,1
2026-03-15T15:27:46.733152,30.356916427612305,47623637,49.275,100.5105,0,None,None,None,None,None,0,1
2026-03-15T15:27:47.729737,31.353500843048096,0,49.275,100.4957,0,None,None,None,None,None,0,1
2026-03-15T15:27:47.729737,31.353500843048096,47623637,49.275,100.5105,0,None,None,None,None,None,0,1
2026-03-15T15:27:48.730654,32.35441970825195,0,49.275,100.4957,0,None,None,None,None,None,0,1
2026-03-15T15:27:48.730654,32.35441970825195,47623637,49.275,100.5105,0,None,None,None,None,None,0,1
2026-03-15T15:27:49.822020,33.445786237716675,0,49.275,100.4957,0,None,None,None,None,None,0,1
2026-03-15T15:27:49.822020,33.445786237716675,47623637,49.275,100.5105,0,None,None,None,None,None,0,1
2026-03-15T15:27:50.833197,34.45696806907654,0,49.275,100.4957,0,None,None,None,None,None,0,1
2026-03-15T15:27:50.833197,34.45696806907654,47623637,49.275,100.5105,0,None,None,None,None,None,0,1
2026-03-15T15:27:51.822727,35.44649028778076,0,49.275,100.4957,0,None,None,None,None,None,0,1
2026-03-15T15:27:51.822727,35.44649028778076,47623637,49.275,100.5105,0,None,None,None,None,None,0,1
2026-03-15T15:27:52.840726,36.464497089385986,0,49.275,100.4957,0,None,None,None,None,None,0,1
2026-03-15T15:27:52.840726,36.464497089385986,47623637,49.275,100.5105,0,None,None,None,None,None,0,1
2026-03-15T15:27:53.826165,37.449925899505615,0,49.275,100.4957,0,None,None,None,None,None,0,1
2026-03-15T15:27:53.826165,37.449925899505615,47623637,49.275,100.5105,0,None,None,None,None,None,0,1
2026-03-15T15:27:54.824158,38.4479193687439,0,49.275,100.4957,0,None,None,None,None,None,0,1
2026-03-15T15:27:54.824158,38.4479193687439,47623637,49.275,100.5105,0,None,None,None,None,None,0,1
2026-03-15T15:27:55.743958,39.36772179603577,0,49.275,100.4957,0,None,None,None,None,None,0,1
2026-03-15T15:27:55.743958,39.36772179603577,47623637,49.275,100.5105,0,None,None,None,None,None,0,1
2026-03-15T15:27:55.743958,39.36772179603577,1133377,49.2926,-123.2337,0,42,93,0,None,None,0,1
2026-03-15T15:27:56.823148,40.44691061973572,0,49.275,100.4957,0,None,None,None,None,None,0,1
2026-03-15T15:27:56.823148,40.44691061973572,47623637,49.275,100.5105,0,None,None,None,None,None,0,1
2026-03-15T15:27:56.823148,40.44691061973572,1133377,49.2926,-123.2337,0,42,93,0,None,None,0,1
2026-03-15T15:27:57.823529,41.447293281555176,0,49.275,100.4957,0,None,None,None,None,None,0,1
2026-03-15T15:27:57.823529,41.447293281555176,47623637,49.275,100.5105,0,None,None,None,None,None,0,1
2026-03-15T15:27:57.823529,41.447293281555176,1133377,49.2926,-123.2337,0,42,93,0,None,None,0,1
2026-03-15T15:27:58.839510,42.46327495574951,0,49.275,100.4957,0,None,None,None,None,None,0,1
2026-03-15T15:27:58.839510,42.46327495574951,47623637,49.275,100.5105,0,None,None,None,None,None,0,1
2026-03-15T15:27:58.839510,42.46327495574951,1133377,49.2926,-123.2337,0,42,93,0,None,None,0,1
2026-03-15T15:27:59.948465,43.57223606109619,0,49.275,100.4957,0,None,None,None,None,None,0,1
2026-03-15T15:27:59.948465,43.57223606109619,47623637,49.275,100.5105,0,None,None,None,None,None,0,1
2026-03-15T15:27:59.948465,43.57223606109619,1133377,49.2926,-123.2337,0,42,93,0,None,None,0,1
2026-03-15T15:28:00.983064,44.60683488845825,0,49.275,100.4957,0,None,None,None,None,None,0,1
2026-03-15T15:28:00.983064,44.60683488845825,47623637,49.275,100.5105,0,None,None,None,None,None,0,1
2026-03-15T15:28:00.983064,44.60683488845825,1133377,49.2926,-123.2337,0,42,93,0,None,None,0,1
2026-03-15T15:28:01.977722,45.6014838218689,0,49.275,100.4957,0,None,None,None,None,None,0,1
2026-03-15T15:28:01.977722,45.6014838218689,47623637,49.275,100.5105,0,None,None,None,None,None,0,1
2026-03-15T15:28:01.977722,45.6014838218689,1133377,49.2926,-123.2337,0,42,93,0,None,None,0,1
2026-03-15T15:28:02.972805,46.59657001495361,0,49.275,100.4957,0,None,None,None,None,None,0,1
2026-03-15T15:28:02.972805,46.59657001495361,47623637,49.275,100.5105,0,None,None,None,None,None,0,1
2026-03-15T15:28:02.972805,46.59657001495361,1133377,49.2926,-123.2337,0,42,93,0,None,None,0,1
2026-03-15T15:28:03.936797,47.56056094169617,0,49.275,100.4957,0,None,None,None,None,None,0,1
2026-03-15T15:28:03.936797,47.56056094169617,47623637,49.275,100.5105,0,None,None,None,None,None,0,1
2026-03-15T15:28:03.936797,47.56056094169617,1133377,49.2926,-123.2337,0,42,93,0,None,None,0,1
2026-03-15T15:28:04.997135,48.62090539932251,0,49.275,100.4957,0,None,None,None,None,None,0,1
2026-03-15T15:28:04.997135,48.62090539932251,47623637,49.275,100.5105,0,None,None,None,None,None,0,1
2026-03-15T15:28:04.997135,48.62090539932251,1133377,49.2926,-123.2337,0,42,93,0,None,None,0,1
2026-03-15T15:28:05.951983,49.57574725151062,0,49.275,100.4957,0,None,None,None,None,None,0,1
2026-03-15T15:28:05.951983,49.57574725151062,47623637,49.275,100.5105,0,None,None,None,None,None,0,1
2026-03-15T15:28:05.951983,49.57574725151062,1133377,49.2926,-123.2337,0,42,93,0,None,None,0,1
2026-03-15T15:28:07.002827,50.62659239768982,0,49.275,100.4957,0,None,None,None,None,None,0,1
2026-03-15T15:28:07.002827,50.62659239768982,47623637,49.275,100.5105,0,None,None,None,None,None,0,1
2026-03-15T15:28:07.002827,50.62659239768982,1133377,49.2926,-123.2337,0,42,93,0,None,None,0,1
2026-03-15T15:28:08.040507,51.66427397727966,0,49.275,100.4957,0,None,None,None,None,None,0,1
2026-03-15T15:28:08.040507,51.66427397727966,47623637,49.275,100.5105,0,None,None,None,None,None,0,1
2026-03-15T15:28:08.040507,51.66427397727966,1133377,49.2926,-123.2337,0,42,93,0,None,None,0,1
2026-03-15T15:28:09.081208,52.70497512817383,0,49.275,100.4957,0,None,None,None,None,None,0,1
2026-03-15T15:28:09.081208,52.70497512817383,47623637,49.275,100.5105,0,None,None,None,None,None,0,1
2026-03-15T15:28:09.081208,52.70497512817383,1133377,49.2926,-123.2337,0,42,93,0,None,None,0,1
2026-03-15T15:28:10.080522,53.7042875289917,0,49.275,100.4957,0,None,None,None,None,None,0,1
2026-03-15T15:28:10.080522,53.7042875289917,47623637,49.275,100.5105,0,None,None,None,None,None,0,1
2026-03-15T15:28:10.080522,53.7042875289917,1133377,49.2926,-123.2337,0,42,93,0,None,None,0,1
2026-03-15T15:28:11.071851,54.695618629455566,0,49.275,100.4957,0,None,None,None,None,None,0,1
2026-03-15T15:28:11.071851,54.695618629455566,47623637,49.275,100.5105,0,None,None,None,None,None,0,1
2026-03-15T15:28:11.071851,54.695618629455566,1133377,49.2926,-123.2337,0,42,93,0,None,None,0,1
2026-03-15T15:28:12.105104,55.728867530822754,0,49.275,100.4957,0,None,None,None,None,None,0,1
2026-03-15T15:28:12.105104,55.728867530822754,47623637,49.275,100.5105,0,None,None,None,None,None,0,1
2026-03-15T15:28:12.105104,55.728867530822754,1133377,49.2926,-123.2337,0,42,93,0,None,None,0,1
2026-03-15T15:28:13.064500,56.68826484680176,0,49.275,100.4957,0,None,None,None,None,None,0,1
2026-03-15T15:28:13.064500,56.68826484680176,47623637,49.275,100.5105,0,None,None,None,None,None,0,1
2026-03-15T15:28:13.064500,56.68826484680176,1133377,49.2926,-123.2337,0,42,93,0,None,None,0,1
2026-03-15T15:28:14.074593,57.69835686683655,0,49.275,100.4957,0,None,None,None,None,None,0,1
2026-03-15T15:28:14.074593,57.69835686683655,47623637,49.275,100.5105,0,None,None,None,None,None,0,1
2026-03-15T15:28:14.074593,57.69835686683655,1133377,49.2926,-123.2337,0,42,93,0,None,None,0,1
2026-03-15T15:28:15.081100,58.70486402511597,0,49.275,100.4957,0,None,None,None,None,None,0,1
2026-03-15T15:28:15.081100,58.70486402511597,47623637,49.275,100.5105,0,None,None,None,None,None,0,1
2026-03-15T15:28:15.081100,58.70486402511597,1133377,49.2926,-123.2337,0,42,93,0,None,None,0,1
2026-03-15T15:28:16.184470,59.8082435131073,0,49.275,100.4957,0,None,None,None,None,None,0,1
2026-03-15T15:28:16.184470,59.8082435131073,47623637,49.275,100.5105,0,None,None,None,None,None,0,1
2026-03-15T15:28:16.184470,59.8082435131073,1133377,49.2926,-123.2337,0,42,93,0,None,None,0,1
2026-03-15T15:28:17.171814,60.795581102371216,0,49.275,100.4957,0,None,None,None,None,None,0,1
2026-03-15T15:28:17.171814,60.795581102371216,47623637,49.275,100.5105,0,None,None,None,None,None,0,1
2026-03-15T15:28:17.171814,60.795581102371216,1133377,49.2926,-123.2337,0,42,93,0,None,None,0,1
2026-03-15T15:28:18.184834,61.808598041534424,0,49.275,100.4957,0,None,None,None,None,None,0,1
2026-03-15T15:28:18.184834,61.808598041534424,47623637,49.275,100.5105,0,None,None,None,None,None,0,1
2026-03-15T15:28:18.184834,61.808598041534424,1133377,49.2926,-123.2337,0,42,93,0,None,None,0,1
2026-03-15T15:28:19.179788,62.80355477333069,0,49.275,100.4957,0,None,None,None,None,None,0,1
2026-03-15T15:28:19.179788,62.80355477333069,47623637,49.275,100.5105,0,None,None,None,None,None,0,1
2026-03-15T15:28:19.179788,62.80355477333069,1133377,49.2926,-123.2337,0,42,93,0,None,None,0,1
2026-03-15T15:28:20.202329,63.82609415054321,0,49.275,100.4957,0,None,None,None,None,None,0,1
2026-03-15T15:28:20.202329,63.82609415054321,47623637,49.275,100.5105,0,None,None,None,None,None,0,1
2026-03-15T15:28:20.202329,63.82609415054321,1133377,49.2926,-123.2337,0,42,93,0,None,None,0,1
2026-03-15T15:28:21.190241,64.8140058517456,0,49.275,100.4957,0,None,None,None,None,None,0,1
2026-03-15T15:28:21.190241,64.8140058517456,47623637,49.275,100.5105,0,None,None,None,None,None,0,1
2026-03-15T15:28:21.190241,64.8140058517456,1133377,49.2926,-123.2337,0,42,93,0,None,None,0,1
2026-03-15T15:28:22.172802,65.79656529426575,0,49.275,100.4957,0,None,None,None,None,None,0,1
2026-03-15T15:28:22.172802,65.79656529426575,47623637,49.275,100.5105,0,None,None,None,None,None,0,1
2026-03-15T15:28:22.172802,65.79656529426575,1133377,49.2926,-123.2337,0,42,93,0,None,None,0,1
2026-03-15T15:28:23.185412,66.80917549133301,0,49.275,100.4957,0,None,None,None,None,None,0,1
2026-03-15T15:28:23.185412,66.80917549133301,47623637,49.275,100.5105,0,None,None,None,None,None,0,1
2026-03-15T15:28:23.185412,66.80917549133301,1133377,49.2926,-123.2337,0,42,93,0,None,None,0,1
2026-03-15T15:28:24.174270,67.79803419113159,0,49.275,100.4957,0,None,None,None,None,None,0,1
2026-03-15T15:28:24.174270,67.79803419113159,47623637,49.275,100.5105,0,None,None,None,None,None,0,1
2026-03-15T15:28:24.174270,67.79803419113159,1133377,49.2926,-123.2337,0,42,93,0,None,None,0,1
2026-03-15T15:28:25.177655,68.80141854286194,0,49.275,100.4957,0,None,None,None,None,None,0,1
2026-03-15T15:28:25.177655,68.80141854286194,47623637,49.275,100.5105,0,None,None,None,None,None,0,1
2026-03-15T15:28:25.177655,68.80141854286194,1133377,49.2926,-123.2337,0,42,93,0,None,None,0,1
2026-03-15T15:28:26.291077,69.91484308242798,0,49.275,100.4957,0,None,None,None,None,None,0,1
2026-03-15T15:28:26.291077,69.91484308242798,47623637,49.275,100.5105,0,None,None,None,None,None,0,1
2026-03-15T15:28:26.291077,69.91484308242798,1133377,49.2926,-123.2337,0,42,93,0,None,None,0,1
2026-03-15T15:28:27.277540,70.90130519866943,0,49.275,100.4957,0,None,None,None,None,None,0,1
2026-03-15T15:28:27.277540,70.90130519866943,47623637,49.275,100.5105,0,None,None,None,None,None,0,1
2026-03-15T15:28:27.277540,70.90130519866943,1133377,49.2926,-123.2337,0,42,93,0,None,None,0,1
2026-03-15T15:28:28.271611,71.89537572860718,0,49.275,100.4957,0,None,None,None,None,None,0,1
2026-03-15T15:28:28.271611,71.89537572860718,47623637,49.275,100.5105,0,None,None,None,None,None,0,1
2026-03-15T15:28:28.271611,71.89537572860718,1133377,49.2926,-123.2337,0,42,93,0,None,None,0,1
2026-03-15T15:28:29.273239,72.8970034122467,0,49.275,100.4957,0,None,None,None,None,None,0,1
2026-03-15T15:28:29.273239,72.8970034122467,47623637,49.275,100.5105,0,None,None,None,None,None,0,1
2026-03-15T15:28:29.273239,72.8970034122467,1133377,49.2926,-123.2337,0,42,93,0,None,None,0,1
2026-03-15T15:28:30.312872,73.9366364479065,0,49.275,100.4957,0,None,None,None,None,None,0,1
2026-03-15T15:28:30.312872,73.9366364479065,47623637,49.275,100.5105,0,None,None,None,None,None,0,1
2026-03-15T15:28:30.312872,73.9366364479065,1133377,49.2926,-123.2337,0,42,93,0,None,None,0,1
2026-03-15T15:28:31.323506,74.94727063179016,0,49.275,100.4957,0,None,None,None,None,None,0,1
2026-03-15T15:28:31.323506,74.94727063179016,47623637,49.275,100.5105,0,None,None,None,None,None,0,1
2026-03-15T15:28:31.323506,74.94727063179016,1133377,49.2926,-123.2337,0,42,93,0,None,None,0,1
2026-03-15T15:28:32.284146,75.90791058540344,0,49.275,100.4957,0,None,None,None,None,None,0,1
2026-03-15T15:28:32.284146,75.90791058540344,47623637,49.275,100.5105,0,None,None,None,None,None,0,1
2026-03-15T15:28:32.284146,75.90791058540344,1133377,49.2926,-123.2337,0,42,93,0,None,None,0,1
2026-03-15T15:28:33.341584,76.96534848213196,0,49.275,100.4957,0,None,None,None,None,None,0,1
2026-03-15T15:28:33.341584,76.96534848213196,47623637,49.275,100.5105,0,None,None,None,None,None,0,1
2026-03-15T15:28:33.341584,76.96534848213196,1133377,49.2926,-123.2337,0,42,93,0,None,None,0,1
2026-03-15T15:28:34.421928,78.04569458961487,0,49.275,100.4957,0,None,None,None,None,None,0,1
2026-03-15T15:28:34.421928,78.04569458961487,47623637,49.275,100.5105,0,None,None,None,None,None,0,1
2026-03-15T15:28:34.421928,78.04569458961487,1133377,49.2926,-123.2337,0,42,93,0,None,None,0,1
2026-03-15T15:28:35.422105,79.0458710193634,0,49.275,100.4957,0,None,None,None,None,None,0,1
2026-03-15T15:28:35.422105,79.0458710193634,47623637,49.275,100.5105,0,None,None,None,None,None,0,1
2026-03-15T15:28:35.422105,79.0458710193634,1133377,49.2926,-123.2337,0,42,93,0,None,None,0,1
2026-03-15T15:28:36.422397,80.0461585521698,0,49.275,100.4957,0,None,None,None,None,None,0,1
2026-03-15T15:28:36.422397,80.0461585521698,47623637,49.275,100.5105,0,None,None,None,None,None,0,1
2026-03-15T15:28:36.422397,80.0461585521698,1133377,49.2926,-123.2337,0,42,93,0,None,None,0,1
2026-03-15T15:28:37.391072,81.01483535766602,0,49.275,100.4957,0,None,None,None,None,None,0,1
2026-03-15T15:28:37.391072,81.01483535766602,47623637,49.275,100.5105,0,None,None,None,None,None,0,1
2026-03-15T15:28:37.391072,81.01483535766602,1133377,49.2926,-123.2337,0,42,93,0,None,None,0,1
2026-03-15T15:28:38.422280,82.0460433959961,0,49.275,100.4957,0,None,None,None,None,None,0,1
2026-03-15T15:28:38.422280,82.0460433959961,47623637,49.275,100.5105,0,None,None,None,None,None,0,1
2026-03-15T15:28:38.422280,82.0460433959961,1133377,49.2926,-123.2337,0,42,93,0,None,None,0,1
2026-03-15T15:28:39.422280,83.0460410118103,0,49.275,100.4957,0,None,None,None,None,None,0,1
2026-03-15T15:28:39.422280,83.0460410118103,47623637,49.275,100.5105,0,None,None,None,None,None,0,1
2026-03-15T15:28:39.422280,83.0460410118103,1133377,49.2926,-123.2337,0,42,93,0,None,None,0,1
2026-03-15T15:28:40.423626,84.04738664627075,0,49.275,100.4957,0,None,None,None,None,None,0,1
2026-03-15T15:28:40.423626,84.04738664627075,47623637,49.275,100.5105,0,None,None,None,None,None,0,1
2026-03-15T15:28:40.423626,84.04738664627075,1133377,49.2926,-123.2337,0,42,93,0,None,None,0,1
2026-03-15T15:28:41.423866,85.04763078689575,0,49.275,100.4957,0,None,None,None,None,None,0,1
2026-03-15T15:28:41.423866,85.04763078689575,47623637,49.275,100.5105,0,None,None,None,None,None,0,1
2026-03-15T15:28:41.423866,85.04763078689575,1133377,49.2926,-123.2337,0,42,93,0,None,None,0,1
2026-03-15T15:28:42.522208,86.14597463607788,0,49.275,100.4957,0,None,None,None,None,None,0,1
2026-03-15T15:28:42.522208,86.14597463607788,47623637,49.275,100.5105,0,None,None,None,None,None,0,1
2026-03-15T15:28:42.522208,86.14597463607788,1133377,49.2926,-123.2337,0,42,93,0,None,None,0,1
2026-03-15T15:28:43.540588,87.16435956954956,0,49.275,100.4957,0,None,None,None,None,None,0,1
2026-03-15T15:28:43.540588,87.16435956954956,47623637,49.275,100.5105,0,None,None,None,None,None,0,1
2026-03-15T15:28:43.540588,87.16435956954956,1133377,49.2926,-123.2337,0,42,93,0,None,None,0,1
2026-03-15T15:28:44.522344,88.14610862731934,0,49.275,100.4957,0,None,None,None,None,None,0,1
2026-03-15T15:28:44.522344,88.14610862731934,47623637,49.275,100.5105,0,None,None,None,None,None,0,1
2026-03-15T15:28:44.522344,88.14610862731934,1133377,49.2926,-123.2337,0,42,93,0,None,None,0,1
2026-03-15T15:28:45.519794,89.1435558795929,0,49.275,100.4957,0,None,None,None,None,None,0,1
2026-03-15T15:28:45.519794,89.1435558795929,47623637,49.275,100.5105,0,None,None,None,None,None,0,1
2026-03-15T15:28:45.519794,89.1435558795929,1133377,49.2926,-123.2337,0,42,93,0,None,None,0,1
2026-03-15T15:28:46.525098,90.14886021614075,0,49.275,100.4957,0,None,None,None,None,None,0,1
2026-03-15T15:28:46.525098,90.14886021614075,47623637,49.275,100.5105,0,None,None,None,None,None,0,1
2026-03-15T15:28:46.525098,90.14886021614075,1133377,49.2926,-123.2337,0,42,93,0,None,None,0,1
2026-03-15T15:28:47.524879,91.14864325523376,0,49.275,100.4957,0,None,None,None,None,None,0,1
2026-03-15T15:28:47.524879,91.14864325523376,47623637,49.275,100.5105,0,None,None,None,None,None,0,1
2026-03-15T15:28:47.524879,91.14864325523376,1133377,49.2926,-123.2337,0,42,93,0,None,None,0,1
2026-03-15T15:28:48.542874,92.16663813591003,0,49.275,100.4957,0,None,None,None,None,None,0,1
2026-03-15T15:28:48.542874,92.16663813591003,47623637,49.275,100.5105,0,None,None,None,None,None,0,1
2026-03-15T15:28:48.542874,92.16663813591003,1133377,49.2926,-123.2337,0,42,93,0,None,None,0,1
2026-03-15T15:28:49.531538,93.15530204772949,0,49.275,100.4957,0,None,None,None,None,None,0,1
2026-03-15T15:28:49.531538,93.15530204772949,47623637,49.275,100.5105,0,None,None,None,None,None,0,1
2026-03-15T15:28:49.531538,93.15530204772949,1133377,49.2926,-123.2337,0,42,93,0,None,None,0,1
2026-03-15T15:28:50.560277,94.18404221534729,0,49.275,100.4957,0,None,None,None,None,None,0,1
2026-03-15T15:28:50.560277,94.18404221534729,47623637,49.275,100.5105,0,None,None,None,None,None,0,1
2026-03-15T15:28:50.560277,94.18404221534729,1133377,49.2926,-123.2337,0,42,93,0,None,None,0,1
2026-03-15T15:28:51.523754,95.14751529693604,0,49.275,100.4957,0,None,None,None,None,None,0,1
2026-03-15T15:28:51.523754,95.14751529693604,47623637,49.275,100.5105,0,None,None,None,None,None,0,1
2026-03-15T15:28:51.523754,95.14751529693604,1133377,49.2926,-123.2337,0,42,93,0,None,None,0,1
2026-03-15T15:28:52.623151,96.24691605567932,0,49.275,100.4957,0,None,None,None,None,None,0,1
2026-03-15T15:28:52.623151,96.24691605567932,47623637,49.275,100.5105,0,None,None,None,None,None,0,1
2026-03-15T15:28:52.623151,96.24691605567932,1133377,49.2926,-123.2337,0,42,93,0,None,None,0,1
2026-03-15T15:28:53.644854,97.26861786842346,0,49.275,100.4957,0,None,None,None,None,None,0,1
2026-03-15T15:28:53.644854,97.26861786842346,47623637,49.275,100.5105,0,None,None,None,None,None,0,1
2026-03-15T15:28:53.644854,97.26861786842346,1133377,49.2926,-123.2337,0,42,93,0,None,None,0,1
2026-03-15T15:28:54.624468,98.24823069572449,0,49.275,100.4957,0,None,None,None,None,None,0,1
2026-03-15T15:28:54.624468,98.24823069572449,47623637,49.275,100.5105,0,None,None,None,None,None,0,1
2026-03-15T15:28:54.624468,98.24823069572449,1133377,49.2926,-123.2337,0,42,93,0,None,None,0,1
2026-03-15T15:28:55.659934,99.28369879722595,0,49.275,100.4957,0,None,None,None,None,None,0,1
2026-03-15T15:28:55.659934,99.28369879722595,47623637,49.275,100.5105,0,None,None,None,None,None,0,1
2026-03-15T15:28:55.659934,99.28369879722595,1133377,49.2926,-123.2337,0,42,93,0,None,None,0,1
2026-03-15T15:28:56.618962,100.24272584915161,0,49.275,100.4957,0,None,None,None,None,None,0,1
2026-03-15T15:28:56.618962,100.24272584915161,47623637,49.275,100.5105,0,None,None,None,None,None,0,1
2026-03-15T15:28:56.618962,100.24272584915161,1133377,49.2926,-123.2337,0,42,93,0,None,None,0,1
2026-03-15T15:28:57.622270,101.2460343837738,0,49.275,100.4957,0,None,None,None,None,None,0,1
2026-03-15T15:28:57.622270,101.2460343837738,47623637,49.275,100.5105,0,None,None,None,None,None,0,1
2026-03-15T15:28:57.622270,101.2460343837738,1133377,49.2926,-123.2337,0,42,93,0,None,None,0,1
2026-03-15T15:28:58.623701,102.2474615573883,0,49.275,100.4957,0,None,None,None,None,None,0,1
2026-03-15T15:28:58.623701,102.2474615573883,47623637,49.275,100.5105,0,None,None,None,None,None,0,1
2026-03-15T15:28:58.623701,102.2474615573883,1133377,49.2926,-123.2337,0,42,93,0,None,None,0,1
2026-03-15T15:28:59.673052,103.2968122959137,0,49.275,100.4957,0,None,None,None,None,None,0,1
2026-03-15T15:28:59.673052,103.2968122959137,47623637,49.275,100.5105,0,None,None,None,None,None,0,1
2026-03-15T15:28:59.673052,103.2968122959137,1133377,49.2926,-123.2337,0,42,93,0,None,None,0,1
2026-03-15T15:29:00.724594,104.34836292266846,0,49.275,100.4957,0,None,None,None,None,None,0,1
2026-03-15T15:29:00.724594,104.34836292266846,47623637,49.275,100.5105,0,None,None,None,None,None,0,1
2026-03-15T15:29:00.724594,104.34836292266846,1133377,49.2926,-123.2337,0,42,93,0,None,None,0,1
2026-03-15T15:29:01.737558,105.36132621765137,0,49.275,100.4957,0,None,None,None,None,None,0,1
2026-03-15T15:29:01.737558,105.36132621765137,47623637,49.275,100.5105,0,None,None,None,None,None,0,1
2026-03-15T15:29:01.737558,105.36132621765137,1133377,49.2926,-123.2337,0,42,93,0,None,None,0,1
2026-03-15T15:29:02.773217,106.39698815345764,0,49.275,100.4957,0,None,None,None,None,None,0,1
2026-03-15T15:29:02.773217,106.39698815345764,47623637,49.275,100.5105,0,None,None,None,None,None,0,1
2026-03-15T15:29:02.773217,106.39698815345764,1133377,49.2926,-123.2337,0,42,93,0,None,None,0,1
2026-03-15T15:29:03.743646,107.36741065979004,0,49.275,100.4957,0,None,None,None,None,None,0,1
2026-03-15T15:29:03.743646,107.36741065979004,47623637,49.275,100.5105,0,None,None,None,None,None,0,1
2026-03-15T15:29:03.743646,107.36741065979004,1133377,49.2926,-123.2337,0,42,93,0,None,None,0,1
2026-03-15T15:29:04.772666,108.3964307308197,0,49.275,100.4957,0,None,None,None,None,None,0,1
2026-03-15T15:29:04.772666,108.3964307308197,47623637,49.275,100.5105,0,None,None,None,None,None,0,1
2026-03-15T15:29:04.772666,108.3964307308197,1133377,49.2926,-123.2337,0,42,93,0,None,None,0,1
2026-03-15T15:29:05.748960,109.37272047996521,0,49.275,100.4957,0,None,None,None,None,None,0,1
2026-03-15T15:29:05.748960,109.37272047996521,47623637,49.275,100.5105,0,None,None,None,None,None,0,1
2026-03-15T15:29:05.748960,109.37272047996521,1133377,49.2926,-123.2337,0,42,93,0,None,None,0,1
2026-03-15T15:29:06.778898,110.40265917778015,0,49.275,100.4957,0,None,None,None,None,None,0,1
2026-03-15T15:29:06.778898,110.40265917778015,47623637,49.275,100.5105,0,None,None,None,None,None,0,1
2026-03-15T15:29:06.778898,110.40265917778015,1133377,49.2926,-123.2337,0,42,93,0,None,None,0,1
2026-03-15T15:29:07.774935,111.39869594573975,0,49.275,100.4957,0,None,None,None,None,None,0,1
2026-03-15T15:29:07.774935,111.39869594573975,47623637,49.275,100.5105,0,None,None,None,None,None,0,1
2026-03-15T15:29:07.774935,111.39869594573975,1133377,49.2926,-123.2337,0,42,93,0,None,None,0,1
2026-03-15T15:29:08.872978,112.49674916267395,0,49.275,100.4957,0,None,None,None,None,None,0,1
2026-03-15T15:29:08.872978,112.49674916267395,47623637,49.275,100.5105,0,None,None,None,None,None,0,1
2026-03-15T15:29:08.872978,112.49674916267395,1133377,49.2926,-123.2337,0,42,93,0,None,None,0,1
2026-03-15T15:29:09.872169,113.49593663215637,0,49.275,100.4957,0,None,None,None,None,None,0,1
2026-03-15T15:29:09.872169,113.49593663215637,47623637,49.275,100.5105,0,None,None,None,None,None,0,1
2026-03-15T15:29:09.872169,113.49593663215637,1133377,49.2926,-123.2337,0,42,93,0,None,None,0,1
2026-03-15T15:29:10.882343,114.50610733032227,0,49.275,100.4957,0,None,None,None,None,None,0,1
2026-03-15T15:29:10.882343,114.50610733032227,47623637,49.275,100.5105,0,None,None,None,None,None,0,1
2026-03-15T15:29:10.882343,114.50610733032227,1133377,49.2926,-123.2337,0,42,93,0,None,None,0,1
2026-03-15T15:29:11.872340,115.49610614776611,0,49.275,100.4957,0,None,None,None,None,None,0,1
2026-03-15T15:29:11.872340,115.49610614776611,47623637,49.275,100.5105,0,None,None,None,None,None,0,1
2026-03-15T15:29:11.872340,115.49610614776611,1133377,49.2926,-123.2337,0,42,93,0,None,None,0,1
2026-03-15T15:29:12.868776,116.49254083633423,0,49.275,100.4957,0,None,None,None,None,None,0,1
2026-03-15T15:29:12.868776,116.49254083633423,47623637,49.275,100.5105,0,None,None,None,None,None,0,1
2026-03-15T15:29:12.868776,116.49254083633423,1133377,49.2926,-123.2337,0,42,93,0,None,None,0,1
2026-03-15T15:29:13.891751,117.51552176475525,0,49.275,100.4957,0,None,None,None,None,None,0,1
2026-03-15T15:29:13.891751,117.51552176475525,47623637,49.275,100.5105,0,None,None,None,None,None,0,1
2026-03-15T15:29:13.891751,117.51552176475525,1133377,49.2926,-123.2337,0,42,93,0,None,None,0,1
2026-03-15T15:29:14.874077,118.49784183502197,0,49.275,100.4957,0,None,None,None,None,None,0,1
2026-03-15T15:29:14.874077,118.49784183502197,47623637,49.275,100.5105,0,None,None,None,None,None,0,1
2026-03-15T15:29:14.874077,118.49784183502197,1133377,49.2926,-123.2337,0,42,93,0,None,None,0,1
2026-03-15T15:29:15.872422,119.4961838722229,0,49.275,100.4957,0,None,None,None,None,None,0,1
2026-03-15T15:29:15.872422,119.4961838722229,47623637,49.275,100.5105,0,None,None,None,None,None,0,1
2026-03-15T15:29:15.872422,119.4961838722229,1133377,49.2926,-123.2337,0,42,93,0,None,None,0,1
2026-03-15T15:29:16.955665,120.57943034172058,0,49.275,100.4957,0,None,None,None,None,None,0,1
2026-03-15T15:29:16.955665,120.57943034172058,47623637,49.275,100.5105,0,None,None,None,None,None,0,1
2026-03-15T15:29:16.955665,120.57943034172058,1133377,49.2926,-123.2337,0,42,93,0,None,None,0,1
2026-03-15T15:29:17.960518,121.5842866897583,0,49.275,100.4957,0,None,None,None,None,None,0,1
2026-03-15T15:29:17.960518,121.5842866897583,47623637,49.275,100.5105,0,None,None,None,None,None,0,1
2026-03-15T15:29:17.960518,121.5842866897583,1133377,49.2926,-123.2337,0,42,93,0,None,None,0,1
2026-03-15T15:29:18.970838,122.59460306167603,0,49.275,100.4957,0,None,None,None,None,None,0,1
2026-03-15T15:29:18.970838,122.59460306167603,47623637,49.275,100.5105,0,None,None,None,None,None,0,1
2026-03-15T15:29:18.970838,122.59460306167603,1133377,49.2926,-123.2337,0,42,93,0,None,None,0,1
2026-03-15T15:29:19.973734,123.59750080108643,0,49.275,100.4957,0,None,None,None,None,None,0,1
2026-03-15T15:29:19.973734,123.59750080108643,47623637,49.275,100.5105,0,None,None,None,None,None,0,1
2026-03-15T15:29:19.973734,123.59750080108643,1133377,49.2926,-123.2337,0,42,93,0,None,None,0,1
2026-03-15T15:29:20.976317,124.60008096694946,0,49.275,100.4957,0,None,None,None,None,None,0,1
2026-03-15T15:29:20.976317,124.60008096694946,47623637,49.275,100.5105,0,None,None,None,None,None,0,1
2026-03-15T15:29:20.976317,124.60008096694946,1133377,49.2926,-123.2337,0,42,93,0,None,None,0,1
2026-03-15T15:29:21.968162,125.59192848205566,0,49.275,100.4957,0,None,None,None,None,None,0,1
2026-03-15T15:29:21.968162,125.59192848205566,47623637,49.275,100.5105,0,None,None,None,None,None,0,1
2026-03-15T15:29:21.968162,125.59192848205566,1133377,49.2926,-123.2337,0,42,93,0,None,None,0,1
2026-03-15T15:29:22.973980,126.59774255752563,0,49.275,100.4957,0,None,None,None,None,None,0,1
2026-03-15T15:29:22.973980,126.59774255752563,47623637,49.275,100.5105,0,None,None,None,None,None,0,1
2026-03-15T15:29:22.973980,126.59774255752563,1133377,49.2926,-123.2337,0,42,93,0,None,None,0,1
2026-03-15T15:29:23.973503,127.59726667404175,0,49.275,100.4957,0,None,None,None,None,None,0,1
2026-03-15T15:29:23.973503,127.59726667404175,47623637,49.275,100.5105,0,None,None,None,None,None,0,1
2026-03-15T15:29:23.973503,127.59726667404175,1133377,49.2926,-123.2337,0,42,93,0,None,None,0,1
2026-03-15T15:29:24.993587,128.61734795570374,0,49.275,100.4957,0,None,None,None,None,None,0,1
2026-03-15T15:29:24.993587,128.61734795570374,47623637,49.275,100.5105,0,None,None,None,None,None,0,1
2026-03-15T15:29:24.993587,128.61734795570374,1133377,49.2926,-123.2337,0,42,93,0,None,None,0,1
2026-03-15T15:29:25.988617,129.61238193511963,0,49.275,100.4957,0,None,None,None,None,None,0,1
2026-03-15T15:29:25.988617,129.61238193511963,47623637,49.275,100.5105,0,None,None,None,None,None,0,1
2026-03-15T15:29:25.988617,129.61238193511963,1133377,49.2926,-123.2337,0,42,93,0,None,None,0,1
2026-03-15T15:29:27.092511,130.71627688407898,0,49.275,100.4957,0,None,None,None,None,None,0,1
2026-03-15T15:29:27.092511,130.71627688407898,47623637,49.275,100.5105,0,None,None,None,None,None,0,1
2026-03-15T15:29:27.092511,130.71627688407898,1133377,49.2926,-123.2337,0,42,93,0,None,None,0,1
2026-03-15T15:29:28.072510,131.69628071784973,0,49.275,100.4957,0,None,None,None,None,None,0,1
2026-03-15T15:29:28.072510,131.69628071784973,47623637,49.275,100.5105,0,None,None,None,None,None,0,1
2026-03-15T15:29:28.072510,131.69628071784973,1133377,49.2926,-123.2337,0,42,93,0,None,None,0,1
2026-03-15T15:29:29.123315,132.74707984924316,0,49.275,100.4957,0,None,None,None,None,None,0,1
2026-03-15T15:29:29.123315,132.74707984924316,47623637,49.275,100.5105,0,None,None,None,None,None,0,1
2026-03-15T15:29:29.123315,132.74707984924316,1133377,49.2926,-123.2337,0,42,93,0,None,None,0,1
2026-03-15T15:29:30.123233,133.74700164794922,0,49.275,100.4957,0,None,None,None,None,None,0,1
2026-03-15T15:29:30.123233,133.74700164794922,47623637,49.275,100.5105,0,None,None,None,None,None,0,1
2026-03-15T15:29:30.123233,133.74700164794922,1133377,49.2926,-123.2337,0,42,93,0,None,None,0,1
2026-03-15T15:29:31.139502,134.76326632499695,0,49.275,100.4957,0,None,None,None,None,None,0,1
2026-03-15T15:29:31.139502,134.76326632499695,47623637,49.275,100.5105,0,None,None,None,None,None,0,1
2026-03-15T15:29:31.139502,134.76326632499695,1133377,49.2926,-123.2337,0,42,93,0,None,None,0,1
2026-03-15T15:29:32.122923,135.74668717384338,0,49.275,100.4957,0,None,None,None,None,None,0,1
2026-03-15T15:29:32.122923,135.74668717384338,47623637,49.275,100.5105,0,None,None,None,None,None,0,1
2026-03-15T15:29:32.122923,135.74668717384338,1133377,49.2926,-123.2337,0,42,93,0,None,None,0,1
2026-03-15T15:29:33.123230,136.74699187278748,0,49.275,100.4957,0,None,None,None,None,None,0,1
2026-03-15T15:29:33.123230,136.74699187278748,47623637,49.275,100.5105,0,None,None,None,None,None,0,1
2026-03-15T15:29:33.123230,136.74699187278748,1133377,49.2926,-123.2337,0,42,93,0,None,None,0,1
2026-03-15T15:29:34.122761,137.7465250492096,0,49.275,100.4957,0,None,None,None,None,None,0,1
2026-03-15T15:29:34.122761,137.7465250492096,47623637,49.275,100.5105,0,None,None,None,None,None,0,1
2026-03-15T15:29:34.122761,137.7465250492096,1133377,49.2926,-123.2337,0,42,93,0,None,None,0,1
2026-03-15T15:29:35.186524,138.8102958202362,0,49.275,100.4957,0,None,None,None,None,None,0,1
2026-03-15T15:29:35.186524,138.8102958202362,47623637,49.275,100.5105,0,None,None,None,None,None,0,1
2026-03-15T15:29:35.186524,138.8102958202362,1133377,49.2926,-123.2337,0,42,93,0,None,None,0,1
2026-03-15T15:29:36.216002,139.83976697921753,0,49.275,100.4957,0,None,None,None,None,None,0,1
2026-03-15T15:29:36.216002,139.83976697921753,47623637,49.275,100.5105,0,None,None,None,None,None,0,1
2026-03-15T15:29:36.216002,139.83976697921753,1133377,49.2926,-123.2337,0,42,93,0,None,None,0,1
2026-03-15T15:29:37.222526,140.84628891944885,0,49.275,100.4957,0,None,None,None,None,None,0,1
2026-03-15T15:29:37.222526,140.84628891944885,47623637,49.275,100.5105,0,None,None,None,None,None,0,1
2026-03-15T15:29:37.222526,140.84628891944885,1133377,49.2926,-123.2337,0,42,93,0,None,None,0,1
2026-03-15T15:29:38.223258,141.84702014923096,0,49.275,100.4957,0,None,None,None,None,None,0,1
2026-03-15T15:29:38.223258,141.84702014923096,47623637,49.275,100.5105,0,None,None,None,None,None,0,1
2026-03-15T15:29:38.223258,141.84702014923096,1133377,49.2926,-123.2337,0,42,93,0,None,None,0,1
2026-03-15T15:29:39.222839,142.8466033935547,0,49.275,100.4957,0,None,None,None,None,None,0,1
2026-03-15T15:29:39.222839,142.8466033935547,47623637,49.275,100.5105,0,None,None,None,None,None,0,1
2026-03-15T15:29:39.222839,142.8466033935547,1133377,49.2926,-123.2337,0,42,93,0,None,None,0,1
2026-03-15T15:29:40.228103,143.8518671989441,0,49.275,100.4957,0,None,None,None,None,None,0,1
2026-03-15T15:29:40.228103,143.8518671989441,47623637,49.275,100.5105,0,None,None,None,None,None,0,1
2026-03-15T15:29:40.228103,143.8518671989441,1133377,49.2926,-123.2337,0,42,93,0,None,None,0,1
2026-03-15T15:29:41.219288,144.84305334091187,0,49.275,100.4957,0,None,None,None,None,None,0,1
2026-03-15T15:29:41.219288,144.84305334091187,47623637,49.275,100.5105,0,None,None,None,None,None,0,1
2026-03-15T15:29:41.219288,144.84305334091187,1133377,49.2926,-123.2337,0,42,93,0,None,None,0,1
2026-03-15T15:29:42.222302,145.8460671901703,0,49.275,100.4957,0,None,None,None,None,None,0,1
2026-03-15T15:29:42.222302,145.8460671901703,47623637,49.275,100.5105,0,None,None,None,None,None,0,1
2026-03-15T15:29:42.222302,145.8460671901703,1133377,49.2926,-123.2337,0,42,93,0,None,None,0,1
2026-03-15T15:29:43.223459,146.84722137451172,0,49.275,100.4957,0,None,None,None,None,None,0,1
2026-03-15T15:29:43.223459,146.84722137451172,47623637,49.275,100.5105,0,None,None,None,None,None,0,1
2026-03-15T15:29:43.223459,146.84722137451172,1133377,49.2926,-123.2337,0,42,93,0,None,None,0,1
2026-03-15T15:29:44.322231,147.94600224494934,0,49.275,100.4957,0,None,None,None,None,None,0,1
2026-03-15T15:29:44.322231,147.94600224494934,47623637,49.275,100.5105,0,None,None,None,None,None,0,1
2026-03-15T15:29:44.322231,147.94600224494934,1133377,49.2926,-123.2337,0,42,93,0,None,None,0,1
2026-03-15T15:29:45.366785,148.99055695533752,0,49.275,100.4957,0,None,None,None,None,None,0,1
2026-03-15T15:29:45.366785,148.99055695533752,47623637,49.275,100.5105,0,None,None,None,None,None,0,1
2026-03-15T15:29:45.366785,148.99055695533752,1133377,49.2926,-123.2337,0,42,93,0,None,None,0,1
2026-03-15T15:29:46.326673,149.95044374465942,0,49.275,100.4957,0,None,None,None,None,None,0,1
2026-03-15T15:29:46.326673,149.95044374465942,47623637,49.275,100.5105,0,None,None,None,None,None,0,1
2026-03-15T15:29:46.326673,149.95044374465942,1133377,49.2926,-123.2337,0,42,93,0,None,None,0,1
2026-03-15T15:29:47.322948,150.9467122554779,0,49.275,100.4957,0,None,None,None,None,None,0,1
2026-03-15T15:29:47.322948,150.9467122554779,47623637,49.275,100.5105,0,None,None,None,None,None,0,1
2026-03-15T15:29:47.322948,150.9467122554779,1133377,49.2926,-123.2337,0,42,93,0,None,None,0,1
2026-03-15T15:29:48.328977,151.95274138450623,0,49.275,100.4957,0,None,None,None,None,None,0,1
2026-03-15T15:29:48.328977,151.95274138450623,47623637,49.275,100.5105,0,None,None,None,None,None,0,1
2026-03-15T15:29:48.328977,151.95274138450623,1133377,49.2926,-123.2337,0,42,93,0,None,None,0,1
2026-03-15T15:29:49.380326,153.00409078598022,0,49.275,100.4957,0,None,None,None,None,None,0,1
2026-03-15T15:29:49.380326,153.00409078598022,47623637,49.275,100.5105,0,None,None,None,None,None,0,1
2026-03-15T15:29:49.380326,153.00409078598022,1133377,49.2926,-123.2337,0,42,93,0,None,None,0,1
2026-03-15T15:29:50.323187,153.94694781303406,0,49.275,100.4957,0,None,None,None,None,None,0,1
2026-03-15T15:29:50.323187,153.94694781303406,47623637,49.275,100.5105,0,None,None,None,None,None,0,1
2026-03-15T15:29:50.323187,153.94694781303406,1133377,49.2926,-123.2337,0,42,93,0,None,None,0,1
2026-03-15T15:29:51.372209,154.99597120285034,0,49.275,100.4957,0,None,None,None,None,None,0,1
2026-03-15T15:29:51.372209,154.99597120285034,47623637,49.275,100.5105,0,None,None,None,None,None,0,1
2026-03-15T15:29:51.372209,154.99597120285034,1133377,49.2926,-123.2337,0,42,93,0,None,None,0,1
2026-03-15T15:29:52.373368,155.9971318244934,0,49.275,100.4957,0,None,None,None,None,None,0,1
2026-03-15T15:29:52.373368,155.9971318244934,47623637,49.275,100.5105,0,None,None,None,None,None,0,1
2026-03-15T15:29:52.373368,155.9971318244934,1133377,49.2926,-123.2337,0,42,93,0,None,None,0,1
2026-03-15T15:29:53.427652,157.05141854286194,0,49.275,100.4957,0,None,None,None,None,None,0,1
2026-03-15T15:29:53.427652,157.05141854286194,47623637,49.275,100.5105,0,None,None,None,None,None,0,1
2026-03-15T15:29:53.427652,157.05141854286194,1133377,49.2926,-123.2337,0,42,93,0,None,None,0,1
2026-03-15T15:29:54.472452,158.09622263908386,0,49.275,100.4957,0,None,None,None,None,None,0,1
2026-03-15T15:29:54.472452,158.09622263908386,47623637,49.275,100.5105,0,None,None,None,None,None,0,1
2026-03-15T15:29:54.472452,158.09622263908386,1133377,49.2926,-123.2337,0,42,93,0,None,None,0,1
2026-03-15T15:29:55.486646,159.1104109287262,0,49.275,100.4957,0,None,None,None,None,None,0,1
2026-03-15T15:29:55.486646,159.1104109287262,47623637,49.275,100.5105,0,None,None,None,None,None,0,1
2026-03-15T15:29:55.486646,159.1104109287262,1133377,49.2926,-123.2337,0,42,93,0,None,None,0,1
2026-03-15T15:29:56.473187,160.09695172309875,0,49.275,100.4957,0,None,None,None,None,None,0,1
2026-03-15T15:29:56.473187,160.09695172309875,47623637,49.275,100.5105,0,None,None,None,None,None,0,1
2026-03-15T15:29:56.473187,160.09695172309875,1133377,49.2926,-123.2337,0,42,93,0,None,None,0,1
2026-03-15T15:29:57.395116,161.01888012886047,0,49.275,100.4957,0,None,None,None,None,None,0,1
2026-03-15T15:29:57.395116,161.01888012886047,47623637,49.275,100.5105,0,None,None,None,None,None,0,1
2026-03-15T15:29:57.395116,161.01888012886047,1133377,49.2926,-123.2337,0,42,93,0,None,None,0,1
2026-03-15T15:29:57.395116,161.01888012886047,47612529,49.2745,100.5091,0,None,None,None,None,None,0,1
2026-03-15T15:29:58.487521,162.1112859249115,0,49.275,100.4957,0,None,None,None,None,None,0,1
2026-03-15T15:29:58.487521,162.1112859249115,47623637,49.275,100.5105,0,None,None,None,None,None,0,1
2026-03-15T15:29:58.487521,162.1112859249115,1133377,49.2926,-123.2337,0,42,93,0,None,None,0,1
2026-03-15T15:29:58.487521,162.1112859249115,47612529,49.2745,100.5091,0,None,None,None,None,None,0,1
2026-03-15T15:29:59.144832,162.76859498023987,0,49.275,100.4957,0,None,None,None,None,None,0,1
2026-03-15T15:29:59.144832,162.76859498023987,47623637,49.275,100.5105,0,None,None,None,None,None,0,1
2026-03-15T15:29:59.144832,162.76859498023987,1133377,49.2926,-123.2337,0,42,93,0,None,None,0,1
2026-03-15T15:29:59.144832,162.76859498023987,47612529,49.2745,100.5091,0,None,None,None,None,None,0,1
2026-03-15T15:29:59.144832,162.76859498023987,26399188,49.2831,-123.1937,0,223,135,-6,None,None,0,1
2026-03-15T15:30:00.473642,164.09740924835205,0,49.275,100.4957,0,None,None,None,None,None,0,1
2026-03-15T15:30:00.473642,164.09740924835205,47623637,49.275,100.5105,0,None,None,None,None,None,0,1
2026-03-15T15:30:00.473642,164.09740924835205,1133377,49.2926,-123.2337,0,42,93,0,None,None,0,1
2026-03-15T15:30:00.473642,164.09740924835205,47612529,49.2745,100.5091,0,None,None,None,None,None,0,1
2026-03-15T15:30:00.473642,164.09740924835205,26399188,49.2831,-123.1937,0,223,135,-6,None,None,0,1
2026-03-15T15:30:01.448952,165.07271671295166,0,49.275,100.4957,0,None,None,None,None,None,0,1
2026-03-15T15:30:01.448952,165.07271671295166,47623637,49.275,100.5105,0,None,None,None,None,None,0,1
2026-03-15T15:30:01.448952,165.07271671295166,1133377,49.2926,-123.2337,0,42,93,0,None,None,0,1
2026-03-15T15:30:01.448952,165.07271671295166,47612529,49.2745,100.5091,0,None,None,None,None,None,0,1
2026-03-15T15:30:01.448952,165.07271671295166,26399188,49.2831,-123.1937,0,223,135,-6,None,None,0,1
2026-03-15T15:30:02.572364,166.19613075256348,0,49.275,100.4957,0,None,None,None,None,None,0,1
2026-03-15T15:30:02.572364,166.19613075256348,47623637,49.275,100.5105,0,None,None,None,None,None,0,1
2026-03-15T15:30:02.572364,166.19613075256348,1133377,49.2926,-123.2337,0,42,93,0,None,None,0,1
2026-03-15T15:30:02.572364,166.19613075256348,47612529,49.2745,100.5091,0,None,None,None,None,None,0,1
2026-03-15T15:30:02.572364,166.19613075256348,26399188,49.2831,-123.1937,0,223,135,-6,None,None,0,1
2026-03-15T15:30:03.271635,166.89540100097656,0,49.275,100.4957,0,None,None,None,None,None,0,1
2026-03-15T15:30:03.271635,166.89540100097656,47623637,49.275,100.5105,0,None,None,None,None,None,0,1
2026-03-15T15:30:03.271635,166.89540100097656,1133377,49.2926,-123.2337,0,42,93,0,None,None,0,1
2026-03-15T15:30:03.271635,166.89540100097656,47612529,49.2745,100.5091,0,None,None,None,None,None,0,1
2026-03-15T15:30:03.271635,166.89540100097656,26399188,49.2831,-123.1937,0,223,135,-6,None,None,0,1
2026-03-15T15:30:03.271635,166.89540100097656,12119088,49.2951,-123.2225,0,300,128,0,None,None,0,1
2026-03-15T15:30:04.598382,168.22214698791504,0,49.275,100.4957,0,None,None,None,None,None,0,1
2026-03-15T15:30:04.598382,168.22214698791504,47623637,49.275,100.5105,0,None,None,None,None,None,0,1
2026-03-15T15:30:04.598382,168.22214698791504,1133377,49.2926,-123.2337,0,42,93,0,None,None,0,1
2026-03-15T15:30:04.598382,168.22214698791504,47612529,49.2745,100.5091,0,None,None,None,None,None,0,1
2026-03-15T15:30:04.598382,168.22214698791504,26399188,49.2831,-123.1937,0,223,135,-6,None,None,0,1
2026-03-15T15:30:04.598382,168.22214698791504,12119088,49.2951,-123.2225,0,300,128,0,None,None,0,1
2026-03-15T15:30:05.583705,169.20747089385986,0,49.275,100.4957,0,None,None,None,None,None,0,1
2026-03-15T15:30:05.583705,169.20747089385986,47623637,49.275,100.5105,0,None,None,None,None,None,0,1
2026-03-15T15:30:05.583705,169.20747089385986,1133377,49.2926,-123.2337,0,42,93,0,None,None,0,1
2026-03-15T15:30:05.583705,169.20747089385986,47612529,49.2745,100.5091,0,None,None,None,None,None,0,1
2026-03-15T15:30:05.583705,169.20747089385986,26399188,49.2831,-123.1937,0,223,135,-6,None,None,0,1
2026-03-15T15:30:05.583705,169.20747089385986,12119088,49.2951,-123.2225,0,300,128,0,None,None,0,1
2026-03-15T15:30:06.575486,170.19924759864807,0,49.275,100.4957,0,None,None,None,None,None,0,1
2026-03-15T15:30:06.575486,170.19924759864807,47623637,49.275,100.5105,0,None,None,None,None,None,0,1
2026-03-15T15:30:06.575486,170.19924759864807,1133377,49.2926,-123.2337,0,42,93,0,None,None,0,1
2026-03-15T15:30:06.575486,170.19924759864807,47612529,49.2745,100.5091,0,None,None,None,None,None,0,1
2026-03-15T15:30:06.575486,170.19924759864807,26399188,49.2831,-123.1937,0,223,135,-6,None,None,0,1
2026-03-15T15:30:06.575486,170.19924759864807,12119088,49.2951,-123.2225,0,300,128,0,None,None,0,1
2026-03-15T15:30:07.572560,171.19632363319397,0,49.275,100.4957,0,None,None,None,None,None,0,1
2026-03-15T15:30:07.572560,171.19632363319397,47623637,49.275,100.5105,0,None,None,None,None,None,0,1
2026-03-15T15:30:07.572560,171.19632363319397,1133377,49.2926,-123.2337,0,42,93,0,None,None,0,1
2026-03-15T15:30:07.572560,171.19632363319397,47612529,49.2745,100.5091,0,None,None,None,None,None,0,1
2026-03-15T15:30:07.572560,171.19632363319397,26399188,49.2831,-123.1937,0,223,135,-6,None,None,0,1
2026-03-15T15:30:07.572560,171.19632363319397,12119088,49.2951,-123.2225,0,300,128,0,None,None,0,1
2026-03-15T15:30:08.572927,172.19668745994568,0,49.275,100.4957,0,None,None,None,None,None,0,1
2026-03-15T15:30:08.572927,172.19668745994568,47623637,49.275,100.5105,0,None,None,None,None,None,0,1
2026-03-15T15:30:08.572927,172.19668745994568,1133377,49.2926,-123.2337,0,42,93,0,None,None,0,1
2026-03-15T15:30:08.572927,172.19668745994568,47612529,49.2745,100.5091,0,None,None,None,None,None,0,1
2026-03-15T15:30:08.572927,172.19668745994568,26399188,49.2831,-123.1937,0,223,135,-6,None,None,0,1
2026-03-15T15:30:08.572927,172.19668745994568,12119088,49.2951,-123.2225,0,300,128,0,None,None,0,1
2026-03-15T15:30:09.573267,173.19703269004822,0,49.275,100.4957,0,None,None,None,None,None,0,1
2026-03-15T15:30:09.573267,173.19703269004822,47623637,49.275,100.5105,0,None,None,None,None,None,0,1
2026-03-15T15:30:09.573267,173.19703269004822,1133377,49.2926,-123.2337,0,42,93,0,None,None,0,1
2026-03-15T15:30:09.573267,173.19703269004822,47612529,49.2745,100.5091,0,None,None,None,None,None,0,1
2026-03-15T15:30:09.573267,173.19703269004822,26399188,49.2831,-123.1937,0,223,135,-6,None,None,0,1
2026-03-15T15:30:09.573267,173.19703269004822,12119088,49.2951,-123.2225,0,300,128,0,None,None,0,1
2026-03-15T15:30:10.567855,174.1916208267212,0,49.275,100.4957,0,None,None,None,None,None,0,1
2026-03-15T15:30:10.567855,174.1916208267212,47623637,49.275,100.5105,0,None,None,None,None,None,0,1
2026-03-15T15:30:10.567855,174.1916208267212,1133377,49.2926,-123.2337,0,42,93,0,None,None,0,1
2026-03-15T15:30:10.567855,174.1916208267212,47612529,49.2745,100.5091,0,None,None,None,None,None,0,1
2026-03-15T15:30:10.567855,174.1916208267212,26399188,49.2831,-123.1937,0,223,135,-6,None,None,0,1
2026-03-15T15:30:10.567855,174.1916208267212,12119088,49.2951,-123.2225,0,300,128,0,None,None,0,1
2026-03-15T15:30:11.683142,175.30690336227417,0,49.275,100.4957,0,None,None,None,None,None,0,1
2026-03-15T15:30:11.683142,175.30690336227417,47623637,49.275,100.5105,0,None,None,None,None,None,0,1
2026-03-15T15:30:11.683142,175.30690336227417,1133377,49.2926,-123.2337,0,42,93,0,None,None,0,1
2026-03-15T15:30:11.683142,175.30690336227417,47612529,49.2745,100.5091,0,None,None,None,None,None,0,1
2026-03-15T15:30:11.683142,175.30690336227417,26399188,49.2831,-123.1937,0,223,135,-6,None,None,0,1
2026-03-15T15:30:11.683142,175.30690336227417,12119088,49.2951,-123.2225,0,300,128,0,None,None,0,1
2026-03-15T15:30:12.607636,176.23140144348145,0,49.275,100.4957,0,None,None,None,None,None,0,1
2026-03-15T15:30:12.607636,176.23140144348145,47623637,49.275,100.5105,0,None,None,None,None,None,0,1
2026-03-15T15:30:12.607636,176.23140144348145,1133377,49.2926,-123.2337,0,42,93,0,None,None,0,1
2026-03-15T15:30:12.607636,176.23140144348145,47612529,49.2745,100.5091,0,None,None,None,None,None,0,1
2026-03-15T15:30:12.607636,176.23140144348145,26399188,49.2831,-123.1937,0,223,135,-6,None,None,0,1
2026-03-15T15:30:12.607636,176.23140144348145,12119088,49.2951,-123.2225,0,300,128,0,None,None,0,1
2026-03-15T15:30:12.607636,176.23140144348145,47617480,49.2744,100.508,0,None,None,None,None,None,0,1
2026-03-15T15:30:13.686457,177.31022715568542,0,49.275,100.4957,0,None,None,None,None,None,0,1
2026-03-15T15:30:13.686457,177.31022715568542,47623637,49.275,100.5105,0,None,None,None,None,None,0,1
2026-03-15T15:30:13.686457,177.31022715568542,1133377,49.2926,-123.2337,0,42,93,0,None,None,0,1
2026-03-15T15:30:13.686457,177.31022715568542,47612529,49.2745,100.5091,0,None,None,None,None,None,0,1
2026-03-15T15:30:13.686457,177.31022715568542,26399188,49.2831,-123.1937,0,223,135,-6,None,None,0,1
2026-03-15T15:30:13.686457,177.31022715568542,12119088,49.2951,-123.2225,0,300,128,0,None,None,0,1
2026-03-15T15:30:13.686457,177.31022715568542,47617480,49.2744,100.508,0,None,None,None,None,None,0,1
2026-03-15T15:30:14.668503,178.29226446151733,0,49.275,100.4957,0,None,None,None,None,None,0,1
2026-03-15T15:30:14.668503,178.29226446151733,47623637,49.275,100.5105,0,None,None,None,None,None,0,1
2026-03-15T15:30:14.668503,178.29226446151733,1133377,49.2926,-123.2337,0,42,93,0,None,None,0,1
2026-03-15T15:30:14.668503,178.29226446151733,47612529,49.2745,100.5091,0,None,None,None,None,None,0,1
2026-03-15T15:30:14.668503,178.29226446151733,26399188,49.2831,-123.1937,0,223,135,-6,None,None,0,1
2026-03-15T15:30:14.668503,178.29226446151733,12119088,49.2951,-123.2225,0,300,128,0,None,None,0,1
2026-03-15T15:30:14.668503,178.29226446151733,47617480,49.2744,100.508,0,None,None,None,None,None,0,1
2026-03-15T15:30:15.708612,179.33237671852112,0,49.275,100.4957,0,None,None,None,None,None,0,1
2026-03-15T15:30:15.708612,179.33237671852112,47623637,49.275,100.5105,0,None,None,None,None,None,0,1
2026-03-15T15:30:15.708612,179.33237671852112,1133377,49.2926,-123.2337,0,42,93,0,None,None,0,1
2026-03-15T15:30:15.708612,179.33237671852112,47612529,49.2745,100.5091,0,None,None,None,None,None,0,1
2026-03-15T15:30:15.708612,179.33237671852112,26399188,49.2831,-123.1937,0,223,135,-6,None,None,0,1
2026-03-15T15:30:15.708612,179.33237671852112,12119088,49.2951,-123.2225,0,300,128,0,None,None,0,1
2026-03-15T15:30:15.708612,179.33237671852112,47617480,49.2744,100.508,0,None,None,None,None,None,0,1
2026-03-15T15:30:16.704052,180.32781624794006,0,49.275,100.4957,0,None,None,None,None,None,0,1
2026-03-15T15:30:16.704052,180.32781624794006,47623637,49.275,100.5105,0,None,None,None,None,None,0,1
2026-03-15T15:30:16.704052,180.32781624794006,1133377,49.2926,-123.2337,0,42,93,0,None,None,0,1
2026-03-15T15:30:16.704052,180.32781624794006,47612529,49.2745,100.5091,0,None,None,None,None,None,0,1
2026-03-15T15:30:16.704052,180.32781624794006,26399188,49.2831,-123.1937,0,223,135,-6,None,None,0,1
2026-03-15T15:30:16.704052,180.32781624794006,12119088,49.2951,-123.2225,0,300,128,0,None,None,0,1
2026-03-15T15:30:16.704052,180.32781624794006,47617480,49.2744,100.508,0,None,None,None,None,None,0,1
2026-03-15T15:30:17.688578,181.31234192848206,0,49.275,100.4957,0,None,None,None,None,None,0,1
2026-03-15T15:30:17.688578,181.31234192848206,47623637,49.275,100.5105,0,None,None,None,None,None,0,1
2026-03-15T15:30:17.688578,181.31234192848206,1133377,49.2926,-123.2337,0,42,93,0,None,None,0,1
2026-03-15T15:30:17.688578,181.31234192848206,47612529,49.2745,100.5091,0,None,None,None,None,None,0,1
2026-03-15T15:30:17.688578,181.31234192848206,26399188,49.2831,-123.1937,0,223,135,-6,None,None,0,1
2026-03-15T15:30:17.688578,181.31234192848206,12119088,49.2951,-123.2225,0,300,128,0,None,None,0,1
2026-03-15T15:30:17.688578,181.31234192848206,47617480,49.2744,100.508,0,None,None,None,None,None,0,1
2026-03-15T15:30:18.686159,182.30992102622986,0,49.275,100.4957,0,None,None,None,None,None,0,1
2026-03-15T15:30:18.686159,182.30992102622986,47623637,49.275,100.5105,0,None,None,None,None,None,0,1
2026-03-15T15:30:18.686159,182.30992102622986,1133377,49.2926,-123.2337,0,42,93,0,None,None,0,1
2026-03-15T15:30:18.686159,182.30992102622986,47612529,49.2745,100.5091,0,None,None,None,None,None,0,1
2026-03-15T15:30:18.686159,182.30992102622986,26399188,49.2831,-123.1937,0,223,135,-6,None,None,0,1
2026-03-15T15:30:18.686159,182.30992102622986,12119088,49.2951,-123.2225,0,300,128,0,None,None,0,1
2026-03-15T15:30:18.686159,182.30992102622986,47617480,49.2744,100.508,0,None,None,None,None,None,0,1
2026-03-15T15:30:19.723826,183.34758806228638,0,49.275,100.4957,0,None,None,None,None,None,0,1
2026-03-15T15:30:19.723826,183.34758806228638,47623637,49.275,100.5105,0,None,None,None,None,None,0,1
2026-03-15T15:30:19.723826,183.34758806228638,1133377,49.2926,-123.2337,0,42,93,0,None,None,0,1
2026-03-15T15:30:19.723826,183.34758806228638,47612529,49.2745,100.5091,0,None,None,None,None,None,0,1
2026-03-15T15:30:19.723826,183.34758806228638,26399188,49.2831,-123.1937,0,223,135,-6,None,None,0,1
2026-03-15T15:30:19.723826,183.34758806228638,12119088,49.2951,-123.2225,0,300,128,0,None,None,0,1
2026-03-15T15:30:19.723826,183.34758806228638,47617480,49.2744,100.508,0,None,None,None,None,None,0,1
2026-03-15T15:30:20.822469,184.4462354183197,0,49.275,100.4957,0,None,None,None,None,None,0,1
2026-03-15T15:30:20.822469,184.4462354183197,47623637,49.275,100.5105,0,None,None,None,None,None,0,1
2026-03-15T15:30:20.822469,184.4462354183197,1133377,49.2926,-123.2337,0,42,93,0,None,None,0,1
2026-03-15T15:30:20.822469,184.4462354183197,47612529,49.2745,100.5091,0,None,None,None,None,None,0,1
2026-03-15T15:30:20.822469,184.4462354183197,26399188,49.2831,-123.1937,0,223,135,-6,None,None,0,1
2026-03-15T15:30:20.822469,184.4462354183197,12119088,49.2951,-123.2225,0,300,128,0,None,None,0,1
2026-03-15T15:30:20.822469,184.4462354183197,47617480,49.2744,100.508,0,None,None,None,None,None,0,1
2026-03-15T15:30:21.823617,185.44738149642944,0,49.275,100.4957,0,None,None,None,None,None,0,1
2026-03-15T15:30:21.823617,185.44738149642944,47623637,49.275,100.5105,0,None,None,None,None,None,0,1
2026-03-15T15:30:21.823617,185.44738149642944,1133377,49.2926,-123.2337,0,42,93,0,None,None,0,1
2026-03-15T15:30:21.823617,185.44738149642944,47612529,49.2745,100.5091,0,None,None,None,None,None,0,1
2026-03-15T15:30:21.823617,185.44738149642944,26399188,49.2831,-123.1937,0,223,135,-6,None,None,0,1
2026-03-15T15:30:21.823617,185.44738149642944,12119088,49.2951,-123.2225,0,300,128,0,None,None,0,1
2026-03-15T15:30:21.823617,185.44738149642944,47617480,49.2744,100.508,0,None,None,None,None,None,0,1
2026-03-15T15:30:22.822378,186.44614267349243,0,49.275,100.4957,0,None,None,None,None,None,0,1
2026-03-15T15:30:22.822378,186.44614267349243,47623637,49.275,100.5105,0,None,None,None,None,None,0,1
2026-03-15T15:30:22.822378,186.44614267349243,1133377,49.2926,-123.2337,0,42,93,0,None,None,0,1
2026-03-15T15:30:22.822378,186.44614267349243,47612529,49.2745,100.5091,0,None,None,None,None,None,0,1
2026-03-15T15:30:22.822378,186.44614267349243,26399188,49.2831,-123.1937,0,223,135,-6,None,None,0,1
2026-03-15T15:30:22.822378,186.44614267349243,12119088,49.2951,-123.2225,0,300,128,0,None,None,0,1
2026-03-15T15:30:22.822378,186.44614267349243,47617480,49.2744,100.508,0,None,None,None,None,None,0,1
2026-03-15T15:30:23.822591,187.44635343551636,0,49.275,100.4957,0,None,None,None,None,None,0,1
2026-03-15T15:30:23.822591,187.44635343551636,47623637,49.275,100.5105,0,None,None,None,None,None,0,1
2026-03-15T15:30:23.822591,187.44635343551636,1133377,49.2926,-123.2337,0,42,93,0,None,None,0,1
2026-03-15T15:30:23.822591,187.44635343551636,47612529,49.2745,100.5091,0,None,None,None,None,None,0,1
2026-03-15T15:30:23.822591,187.44635343551636,26399188,49.2831,-123.1937,0,223,135,-6,None,None,0,1
2026-03-15T15:30:23.822591,187.44635343551636,12119088,49.2951,-123.2225,0,300,128,0,None,None,0,1
2026-03-15T15:30:23.822591,187.44635343551636,47617480,49.2744,100.508,0,None,None,None,None,None,0,1
2026-03-15T15:30:24.823053,188.44681429862976,0,49.275,100.4957,0,None,None,None,None,None,0,1
2026-03-15T15:30:24.823053,188.44681429862976,47623637,49.275,100.5105,0,None,None,None,None,None,0,1
2026-03-15T15:30:24.823053,188.44681429862976,1133377,49.2926,-123.2337,0,42,93,0,None,None,0,1
2026-03-15T15:30:24.823053,188.44681429862976,47612529,49.2745,100.5091,0,None,None,None,None,None,0,1
2026-03-15T15:30:24.823053,188.44681429862976,26399188,49.2831,-123.1937,0,223,135,-6,None,None,0,1
2026-03-15T15:30:24.823053,188.44681429862976,12119088,49.2951,-123.2225,0,300,128,0,None,None,0,1
2026-03-15T15:30:24.823053,188.44681429862976,47617480,49.2744,100.508,0,None,None,None,None,None,0,1
2026-03-15T15:30:25.797825,189.4215898513794,0,49.275,100.4957,0,None,None,None,None,None,0,1
2026-03-15T15:30:25.797825,189.4215898513794,47623637,49.275,100.5105,0,None,None,None,None,None,0,1
2026-03-15T15:30:25.797825,189.4215898513794,1133377,49.2926,-123.2337,0,42,93,0,None,None,0,1
2026-03-15T15:30:25.797825,189.4215898513794,47612529,49.2745,100.5091,0,None,None,None,None,None,0,1
2026-03-15T15:30:25.797825,189.4215898513794,26399188,49.2831,-123.1937,0,223,135,-6,None,None,0,1
2026-03-15T15:30:25.797825,189.4215898513794,12119088,49.2951,-123.2225,0,300,128,0,None,None,0,1
2026-03-15T15:30:25.797825,189.4215898513794,47617480,49.2744,100.508,0,None,None,None,None,None,0,1
2026-03-15T15:30:26.790919,190.41468334197998,0,49.275,100.4957,0,None,None,None,None,None,0,1
2026-03-15T15:30:26.790919,190.41468334197998,47623637,49.275,100.5105,0,None,None,None,None,None,0,1
2026-03-15T15:30:26.790919,190.41468334197998,1133377,49.2926,-123.2337,0,42,93,0,None,None,0,1
2026-03-15T15:30:26.790919,190.41468334197998,47612529,49.2745,100.5091,0,None,None,None,None,None,0,1
2026-03-15T15:30:26.790919,190.41468334197998,26399188,49.2831,-123.1937,0,223,135,-6,None,None,0,1
2026-03-15T15:30:26.790919,190.41468334197998,12119088,49.2951,-123.2225,0,300,128,0,None,None,0,1
2026-03-15T15:30:26.790919,190.41468334197998,47617480,49.2744,100.508,0,None,None,None,None,None,0,1
2026-03-15T15:30:27.802092,191.42585706710815,0,49.275,100.4957,0,None,None,None,None,None,0,1
2026-03-15T15:30:27.802092,191.42585706710815,47623637,49.275,100.5105,0,None,None,None,None,None,0,1
2026-03-15T15:30:27.802092,191.42585706710815,1133377,49.2926,-123.2337,0,42,93,0,None,None,0,1
2026-03-15T15:30:27.802092,191.42585706710815,47612529,49.2745,100.5091,0,None,None,None,None,None,0,1
2026-03-15T15:30:27.802092,191.42585706710815,26399188,49.2831,-123.1937,0,223,135,-6,None,None,0,1
2026-03-15T15:30:27.802092,191.42585706710815,12119088,49.2951,-123.2225,0,300,128,0,None,None,0,1
2026-03-15T15:30:27.802092,191.42585706710815,47617480,49.2744,100.508,0,None,None,None,None,None,0,1
2026-03-15T15:30:28.922108,192.54587817192078,0,49.275,100.4957,0,None,None,None,None,None,0,1
2026-03-15T15:30:28.922108,192.54587817192078,47623637,49.275,100.5105,0,None,None,None,None,None,0,1
2026-03-15T15:30:28.922108,192.54587817192078,1133377,49.2926,-123.2337,0,42,93,0,None,None,0,1
2026-03-15T15:30:28.922108,192.54587817192078,47612529,49.2745,100.5091,0,None,None,None,None,None,0,1
2026-03-15T15:30:28.922108,192.54587817192078,26399188,49.2831,-123.1937,0,223,135,-6,None,None,0,1
2026-03-15T15:30:28.922108,192.54587817192078,12119088,49.2951,-123.2225,0,300,128,0,None,None,0,1
2026-03-15T15:30:28.922108,192.54587817192078,47617480,49.2744,100.508,0,None,None,None,None,None,0,1
2026-03-15T15:30:29.940545,193.56431698799133,0,49.275,100.4957,0,None,None,None,None,None,0,1
2026-03-15T15:30:29.940545,193.56431698799133,47623637,49.275,100.5105,0,None,None,None,None,None,0,1
2026-03-15T15:30:29.940545,193.56431698799133,1133377,49.2926,-123.2337,0,42,93,0,None,None,0,1
2026-03-15T15:30:29.940545,193.56431698799133,47612529,49.2745,100.5091,0,None,None,None,None,None,0,1
2026-03-15T15:30:29.940545,193.56431698799133,26399188,49.2831,-123.1937,0,223,135,-6,None,None,0,1
2026-03-15T15:30:29.940545,193.56431698799133,12119088,49.2951,-123.2225,0,300,128,0,None,None,0,1
2026-03-15T15:30:29.940545,193.56431698799133,47617480,49.2744,100.508,0,None,None,None,None,None,0,1
2026-03-15T15:30:30.900974,194.52473831176758,0,49.275,100.4957,0,None,None,None,None,None,0,1
2026-03-15T15:30:30.900974,194.52473831176758,47623637,49.275,100.5105,0,None,None,None,None,None,0,1
2026-03-15T15:30:30.900974,194.52473831176758,1133377,49.2926,-123.2337,0,42,93,0,None,None,0,1
2026-03-15T15:30:30.900974,194.52473831176758,47612529,49.2745,100.5091,0,None,None,None,None,None,0,1
2026-03-15T15:30:30.900974,194.52473831176758,26399188,49.2831,-123.1937,0,223,135,-6,None,None,0,1
2026-03-15T15:30:30.900974,194.52473831176758,12119088,49.2951,-123.2225,0,300,128,0,None,None,0,1
2026-03-15T15:30:30.900974,194.52473831176758,47617480,49.2744,100.508,0,None,None,None,None,None,0,1
2026-03-15T15:30:31.912993,195.5367603302002,0,49.275,100.4957,0,None,None,None,None,None,0,1
2026-03-15T15:30:31.912993,195.5367603302002,47623637,49.275,100.5105,0,None,None,None,None,None,0,1
2026-03-15T15:30:31.912993,195.5367603302002,1133377,49.2926,-123.2337,0,42,93,0,None,None,0,1
2026-03-15T15:30:31.912993,195.5367603302002,47612529,49.2745,100.5091,0,None,None,None,None,None,0,1
2026-03-15T15:30:31.912993,195.5367603302002,26399188,49.2831,-123.1937,0,223,135,-6,None,None,0,1
2026-03-15T15:30:31.912993,195.5367603302002,12119088,49.2951,-123.2225,0,300,128,0,None,None,0,1
2026-03-15T15:30:31.912993,195.5367603302002,47617480,49.2744,100.508,0,None,None,None,None,None,0,1
2026-03-15T15:30:32.898781,196.5225419998169,0,49.275,100.4957,0,None,None,None,None,None,0,1
2026-03-15T15:30:32.898781,196.5225419998169,47623637,49.275,100.5105,0,None,None,None,None,None,0,1
2026-03-15T15:30:32.898781,196.5225419998169,1133377,49.2926,-123.2337,0,42,93,0,None,None,0,1
2026-03-15T15:30:32.898781,196.5225419998169,47612529,49.2745,100.5091,0,None,None,None,None,None,0,1
2026-03-15T15:30:32.898781,196.5225419998169,26399188,49.2831,-123.1937,0,223,135,-6,None,None,0,1
2026-03-15T15:30:32.898781,196.5225419998169,12119088,49.2951,-123.2225,0,300,128,0,None,None,0,1
2026-03-15T15:30:32.898781,196.5225419998169,47617480,49.2744,100.508,0,None,None,None,None,None,0,1
2026-03-15T15:30:33.921965,197.54572892189026,0,49.275,100.4957,0,None,None,None,None,None,0,1
2026-03-15T15:30:33.921965,197.54572892189026,47623637,49.275,100.5105,0,None,None,None,None,None,0,1
2026-03-15T15:30:33.921965,197.54572892189026,1133377,49.2926,-123.2337,0,42,93,0,None,None,0,1
2026-03-15T15:30:33.921965,197.54572892189026,47612529,49.2745,100.5091,0,None,None,None,None,None,0,1
2026-03-15T15:30:33.921965,197.54572892189026,26399188,49.2831,-123.1937,0,223,135,-6,None,None,0,1
2026-03-15T15:30:33.921965,197.54572892189026,12119088,49.2951,-123.2225,0,300,128,0,None,None,0,1
2026-03-15T15:30:33.921965,197.54572892189026,47617480,49.2744,100.508,0,None,None,None,None,None,0,1
2026-03-15T15:30:34.915994,198.53975582122803,0,49.275,100.4957,0,None,None,None,None,None,0,1
2026-03-15T15:30:34.915994,198.53975582122803,47623637,49.275,100.5105,0,None,None,None,None,None,0,1
2026-03-15T15:30:34.915994,198.53975582122803,1133377,49.2926,-123.2337,0,42,93,0,None,None,0,1
2026-03-15T15:30:34.915994,198.53975582122803,47612529,49.2745,100.5091,0,None,None,None,None,None,0,1
2026-03-15T15:30:34.915994,198.53975582122803,26399188,49.2831,-123.1937,0,223,135,-6,None,None,0,1
2026-03-15T15:30:34.915994,198.53975582122803,12119088,49.2951,-123.2225,0,300,128,0,None,None,0,1
2026-03-15T15:30:34.915994,198.53975582122803,47617480,49.2744,100.508,0,None,None,None,None,None,0,1
2026-03-15T15:30:35.953382,199.57714366912842,0,49.275,100.4957,0,None,None,None,None,None,0,1
2026-03-15T15:30:35.953382,199.57714366912842,47623637,49.275,100.5105,0,None,None,None,None,None,0,1
2026-03-15T15:30:35.953382,199.57714366912842,1133377,49.2926,-123.2337,0,42,93,0,None,None,0,1
2026-03-15T15:30:35.953382,199.57714366912842,47612529,49.2745,100.5091,0,None,None,None,None,None,0,1
2026-03-15T15:30:35.953382,199.57714366912842,26399188,49.2831,-123.1937,0,223,135,-6,None,None,0,1
2026-03-15T15:30:35.953382,199.57714366912842,12119088,49.2951,-123.2225,0,300,128,0,None,None,0,1
2026-03-15T15:30:35.953382,199.57714366912842,47617480,49.2744,100.508,0,None,None,None,None,None,0,1
2026-03-15T15:30:37.057843,200.68160581588745,0,49.275,100.4957,0,None,None,None,None,None,0,1
2026-03-15T15:30:37.057843,200.68160581588745,47623637,49.275,100.5105,0,None,None,None,None,None,0,1
2026-03-15T15:30:37.057843,200.68160581588745,1133377,49.2926,-123.2337,0,42,93,0,None,None,0,1
2026-03-15T15:30:37.057843,200.68160581588745,47612529,49.2745,100.5091,0,None,None,None,None,None,0,1
2026-03-15T15:30:37.057843,200.68160581588745,26399188,49.2831,-123.1937,0,223,135,-6,None,None,0,1
2026-03-15T15:30:37.057843,200.68160581588745,12119088,49.2951,-123.2225,0,300,128,0,None,None,0,1
2026-03-15T15:30:37.057843,200.68160581588745,47617480,49.2744,100.508,0,None,None,None,None,None,0,1
2026-03-15T15:30:37.922634,201.54639720916748,0,49.275,100.4957,0,None,None,None,None,None,0,1
2026-03-15T15:30:37.922634,201.54639720916748,47623637,49.275,100.5105,0,None,None,None,None,None,0,1
2026-03-15T15:30:37.922634,201.54639720916748,1133377,49.2926,-123.2337,0,42,93,0,None,None,0,1
2026-03-15T15:30:37.922634,201.54639720916748,47612529,49.2745,100.5091,0,None,None,None,None,None,0,1
2026-03-15T15:30:37.922634,201.54639720916748,26399188,49.2831,-123.1937,0,223,135,-6,None,None,0,1
2026-03-15T15:30:37.922634,201.54639720916748,12119088,49.2951,-123.2225,0,300,128,0,None,None,0,1
2026-03-15T15:30:37.922634,201.54639720916748,47617480,49.2744,100.508,0,None,None,None,None,None,0,1
2026-03-15T15:30:39.021835,202.64560079574585,0,49.275,100.4957,0,None,None,None,None,None,0,1
2026-03-15T15:30:39.021835,202.64560079574585,47623637,49.275,100.5105,0,None,None,None,None,None,0,1
2026-03-15T15:30:39.021835,202.64560079574585,1133377,49.2926,-123.2337,0,42,93,0,None,None,0,1
2026-03-15T15:30:39.021835,202.64560079574585,47612529,49.2745,100.5091,0,None,None,None,None,None,0,1
2026-03-15T15:30:39.021835,202.64560079574585,26399188,49.2831,-123.1937,0,223,135,-6,None,None,0,1
2026-03-15T15:30:39.021835,202.64560079574585,12119088,49.2951,-123.2225,0,300,128,0,None,None,0,1
2026-03-15T15:30:39.021835,202.64560079574585,47617480,49.2744,100.508,0,None,None,None,None,None,0,1
2026-03-15T15:30:40.022472,203.64623379707336,0,49.275,100.4957,0,None,None,None,None,None,0,1
2026-03-15T15:30:40.022472,203.64623379707336,47623637,49.275,100.5105,0,None,None,None,None,None,0,1
2026-03-15T15:30:40.022472,203.64623379707336,1133377,49.2926,-123.2337,0,42,93,0,None,None,0,1
2026-03-15T15:30:40.022472,203.64623379707336,47612529,49.2745,100.5091,0,None,None,None,None,None,0,1
2026-03-15T15:30:40.022472,203.64623379707336,26399188,49.2831,-123.1937,0,223,135,-6,None,None,0,1
2026-03-15T15:30:40.022472,203.64623379707336,12119088,49.2951,-123.2225,0,300,128,0,None,None,0,1
2026-03-15T15:30:40.022472,203.64623379707336,47617480,49.2744,100.508,0,None,None,None,None,None,0,1
2026-03-15T15:30:41.023574,204.6473343372345,0,49.275,100.4957,0,None,None,None,None,None,0,1
2026-03-15T15:30:41.023574,204.6473343372345,47623637,49.275,100.5105,0,None,None,None,None,None,0,1
2026-03-15T15:30:41.023574,204.6473343372345,1133377,49.2926,-123.2337,0,42,93,0,None,None,0,1
2026-03-15T15:30:41.023574,204.6473343372345,47612529,49.2745,100.5091,0,None,None,None,None,None,0,1
2026-03-15T15:30:41.023574,204.6473343372345,26399188,49.2831,-123.1937,0,223,135,-6,None,None,0,1
2026-03-15T15:30:41.023574,204.6473343372345,12119088,49.2951,-123.2225,0,300,128,0,None,None,0,1
2026-03-15T15:30:41.023574,204.6473343372345,47617480,49.2744,100.508,0,None,None,None,None,None,0,1
