Timestamp,Elapsed_Time_s,CAN_Message
2026-06-06T16:36:24.294071,2.619,can0  204  [16]  6E 23 15 45 3F 27 1F 09 28 23 30 75 30 75 00 00
2026-06-06T16:36:24.294195,2.620,can0  214  [64]  1F 09 00 00 EF E0 FF FF C5 FE FF FF C6 F8 FF FF E0 D5 5E 1D 00 04 91 B6 C7 01 00 00 14 00 00 00 A0 CE FF FF 07 02 00 00 07 02 00 00 53 0F 00 00 02 07 00 00 00 00 00 00 00 00 00 00 00 00 00 00
2026-06-06T16:36:24.294974,2.620,can0  070  [20]  DD 2C 4D 08 8C AE 62 03 C0 5D 00 00 24 17 00 00 0F 00 00 00
2026-06-06T16:36:24.295154,2.621,can0  070  [20]  DD 2C 4D 08 8C AE 62 03 C0 5D 00 00 24 17 00 00 0F 00 00 00
2026-06-06T16:36:24.295459,2.621,can0  204  [16]  6E 23 12 45 1E 27 72 09 28 23 30 75 30 75 00 00
2026-06-06T16:36:24.295565,2.621,can0  214  [64]  72 09 00 00 CE E0 FF FF C2 FE FF FF C6 F8 FF FF E0 D5 5E 1D 00 04 91 B6 C7 01 00 00 14 00 00 00 E2 64 FF FF F9 01 00 00 F9 01 00 00 52 0F 00 00 02 07 00 00 00 00 00 00 00 00 00 00 00 00 00 00
2026-06-06T16:36:24.408956,2.734,can0  206  [24]  71 0C 64 06 5D 0C 99 C6 57 07 6B 0C A3 0C 00 00 00 00 00 00 00 00 00 00
2026-06-06T16:36:24.409342,2.735,can0  041  [04]  AE 00 09 00
2026-06-06T16:36:24.409393,2.735,can0  070  [20]  DD 2C 4D 08 8C AE 62 03 C0 5D 00 00 24 17 00 00 0F 00 00 00
2026-06-06T16:36:24.410044,2.735,can0  204  [16]  6E 23 12 45 1E 27 72 09 28 23 30 75 30 75 00 00
2026-06-06T16:36:24.410119,2.736,can0  214  [64]  72 09 00 00 CE E0 FF FF C2 FE FF FF C6 F8 FF FF E0 D5 5E 1D 00 04 91 B6 C7 01 00 00 14 00 00 00 E2 64 FF FF F9 01 00 00 F9 01 00 00 52 0F 00 00 02 07 00 00 00 00 00 00 00 00 00 00 00 00 00 00
2026-06-06T16:36:24.418955,2.744,can0  040  [04]  5E 00 0D 00
2026-06-06T16:36:24.540829,2.866,can0  204  [16]  6E 23 14 45 22 27 C6 05 28 23 30 75 30 75 00 00
2026-06-06T16:36:24.540955,2.866,can0  214  [64]  C6 05 00 00 D3 E0 FF FF C4 FE FF FF C6 F8 FF FF E0 D5 5E 1D 00 04 91 B6 C6 01 00 00 14 00 00 00 AC 77 FF FF F6 01 00 00 F6 01 00 00 47 0F 00 00 02 07 00 00 00 00 00 00 00 00 00 00 00 00 00 00
2026-06-06T16:36:24.545568,2.871,can0  206  [24]  71 0C 65 06 5D 0C 99 C6 5A 07 70 0C A3 0C 00 00 00 00 00 00 00 00 00 00
2026-06-06T16:36:24.599405,2.925,can0  204  [16]  6E 23 15 45 2D 27 27 06 28 23 30 75 30 75 00 00
2026-06-06T16:36:24.599552,2.925,can0  214  [64]  27 06 00 00 DE E0 FF FF C5 FE FF FF C6 F8 FF FF E0 D5 5E 1D 00 04 91 B6 C6 01 00 00 16 00 00 00 28 51 FF FF F8 01 00 00 F8 01 00 00 3C 0F 00 00 02 07 00 00 00 00 00 00 00 00 00 00 00 00 00 00
2026-06-06T16:36:24.600456,2.926,can0  041  [04]  B0 00 0B 00
2026-06-06T16:36:24.600510,2.926,can0  204  [16]  6E 23 15 45 2D 27 27 06 28 23 30 75 30 75 00 00
2026-06-06T16:36:24.600662,2.926,can0  214  [64]  27 06 00 00 DE E0 FF FF C5 FE FF FF C6 F8 FF FF E0 D5 5E 1D 00 04 91 B6 C5 01 00 00 12 00 00 00 28 51 FF FF F8 01 00 00 F8 01 00 00 3C 0F 00 00 02 07 00 00 00 00 00 00 00 00 00 00 00 00 00 00
2026-06-06T16:36:24.694347,3.020,can0  100  [03]  95 73 04
2026-06-06T16:36:24.697847,3.023,can0  206  [24]  76 0C 65 06 62 0C 99 C6 5A 07 6B 0C 9E 0C 00 00 00 00 00 00 00 00 00 00
2026-06-06T16:36:24.698905,3.024,can0  110  [02]  21 1B
2026-06-06T16:36:24.698990,3.024,can0  120  [04]  00 00 00 00
2026-06-06T16:36:24.699032,3.024,can0  204  [16]  6E 23 16 45 08 27 A3 04 28 23 30 75 30 75 00 00
2026-06-06T16:36:24.699069,3.024,can0  214  [64]  A3 04 00 00 B8 E0 FF FF C6 FE FF FF C6 F8 FF FF E0 D5 5E 1D 00 04 91 B6 C5 01 00 00 12 00 00 00 6A 69 FF FF F6 01 00 00 F6 01 00 00 35 0F 00 00 02 07 00 00 00 00 00 00 00 00 00 00 00 00 00 00
2026-06-06T16:36:24.706528,3.032,can0  040  [04]  58 00 0D 00
2026-06-06T16:36:24.804726,3.130,can0  204  [16]  6E 23 16 45 08 27 A3 04 28 23 30 75 30 75 00 00
2026-06-06T16:36:24.804890,3.130,can0  214  [64]  A3 04 00 00 B8 E0 FF FF C6 FE FF FF C6 F8 FF FF E0 D5 5E 1D 00 04 91 B6 C4 01 00 00 09 00 00 00 6A 69 FF FF F6 01 00 00 F6 01 00 00 35 0F 00 00 02 07 00 00 00 00 00 00 00 00 00 00 00 00 00 00
2026-06-06T16:36:24.805488,3.131,can0  204  [16]  6E 23 15 45 34 27 2C 05 28 23 30 75 30 75 00 00
2026-06-06T16:36:24.805738,3.131,can0  214  [64]  2C 05 00 00 E4 E0 FF FF C5 FE FF FF D0 F8 FF FF E0 D5 5E 1D 00 04 91 B6 C4 01 00 00 09 00 00 00 E6 9C FF FF 01 02 00 00 01 02 00 00 2F 0F 00 00 02 07 00 00 00 00 00 00 00 00 00 00 00 00 00 00
2026-06-06T16:36:24.809599,3.135,can0  206  [24]  7A 0C 65 06 5D 0C 99 C6 5B 07 71 0C 9E 0C 00 00 00 00 00 00 00 00 00 00
2026-06-06T16:36:24.904460,3.230,can0  070  [20]  DD 2C 4D 08 8C AE 62 03 C0 5D 00 00 24 17 00 00 0F 00 00 00
2026-06-06T16:36:24.904812,3.230,can0  041  [04]  B5 00 08 00
2026-06-06T16:36:24.905108,3.231,can0  204  [16]  6E 23 15 45 34 27 2C 05 28 23 30 75 30 75 00 00
2026-06-06T16:36:24.905184,3.231,can0  214  [64]  2C 05 00 00 E4 E0 FF FF C5 FE FF FF D0 F8 FF FF E0 D5 5E 1D 00 04 91 B6 C3 01 00 00 1A 00 00 00 E6 9C FF FF 01 02 00 00 01 02 00 00 2F 0F 00 00 02 07 00 00 00 00 00 00 00 00 00 00 00 00 00 00
2026-06-06T16:36:24.995683,3.321,can0  060  [32]  08 08 A0 08 A3 61 4D 08 B4 4C 64 03 00 00 66 00 70 00 85 00 00 00 00 00 02 00 00 00 00 00 00 00
2026-06-06T16:36:24.996076,3.321,can0  204  [16]  6E 23 13 45 22 27 A4 06 28 23 30 75 30 75 00 00
2026-06-06T16:36:24.996129,3.322,can0  214  [64]  A4 06 00 00 D3 E0 FF FF C3 FE FF FF C6 F8 FF FF E0 D5 5E 1D 00 04 91 B6 C3 01 00 00 1A 00 00 00 C4 B4 FF FF FF 01 00 00 FF 01 00 00 2D 0F 00 00 02 07 00 00 00 00 00 00 00 00 00 00 00 00 00 00
2026-06-06T16:36:24.996498,3.322,can0  060  [32]  D3 00 D6 02 30 58 4D 08 12 44 64 03 00 00 2A 03 62 01 80 00 00 00 00 01 02 00 00 00 00 00 00 00
2026-06-06T16:36:25.000911,3.326,can0  040  [04]  58 00 0E 00
2026-06-06T16:36:25.000987,3.326,can0  206  [24]  7A 0C 64 06 5D 0C 99 C6 5A 07 6B 0C 9E 0C 00 00 00 00 00 00 00 00 00 00
2026-06-06T16:36:25.113935,3.439,can0  204  [16]  6E 23 13 45 5F 27 45 07 28 23 30 75 30 75 00 00
2026-06-06T16:36:25.114070,3.439,can0  214  [64]  45 07 00 00 10 E1 FF FF C3 FE FF FF C6 F8 FF FF E0 D5 5E 1D 00 04 91 B6 C2 01 00 00 1C 00 00 00 08 A8 FF FF 02 02 00 00 02 02 00 00 35 0F 00 00 02 07 00 00 00 00 00 00 00 00 00 00 00 00 00 00
2026-06-06T16:36:25.114661,3.440,can0  070  [20]  DD 2C 4D 08 8C AE 62 03 C0 5D 00 00 24 17 00 00 0F 00 00 00
2026-06-06T16:36:25.123571,3.449,can0  204  [16]  6E 23 13 45 5F 27 45 07 28 23 30 75 30 75 00 00
2026-06-06T16:36:25.123684,3.449,can0  214  [64]  45 07 00 00 10 E1 FF FF C3 FE FF FF C6 F8 FF FF E0 D5 5E 1D 00 04 91 B6 BF 01 00 00 1C 00 00 00 08 A8 FF FF 02 02 00 00 02 02 00 00 35 0F 00 00 02 07 00 00 00 00 00 00 00 00 00 00 00 00 00 00
2026-06-06T16:36:25.207730,3.533,can0  041  [04]  C4 00 05 00
2026-06-06T16:36:25.210614,3.536,can0  206  [24]  76 0C 63 06 62 0C 99 C6 5B 07 6B 0C 9E 0C 00 00 00 00 00 00 00 00 00 00
2026-06-06T16:36:25.211081,3.536,can0  204  [16]  6E 23 14 45 1E 27 C0 06 28 23 30 75 30 75 00 00
2026-06-06T16:36:25.211179,3.537,can0  214  [64]  C0 06 00 00 CE E0 FF FF C4 FE FF FF BC F8 FF FF E0 D5 5E 1D 00 04 91 B6 BF 01 00 00 16 00 00 00 AE D4 FF FF F6 01 00 00 F6 01 00 00 37 0F 00 00 02 07 00 00 00 00 00 00 00 00 00 00 00 00 00 00
2026-06-06T16:36:25.304886,3.630,can0  204  [16]  6E 23 14 45 1E 27 C0 06 28 23 30 75 30 75 00 00
2026-06-06T16:36:25.305006,3.630,can0  214  [64]  C0 06 00 00 CE E0 FF FF C4 FE FF FF BC F8 FF FF E0 D5 5E 1D 00 04 91 B6 BE 01 00 00 08 00 00 00 AE D4 FF FF F6 01 00 00 F6 01 00 00 37 0F 00 00 02 07 00 00 00 00 00 00 00 00 00 00 00 00 00 00
2026-06-06T16:36:25.305371,3.631,can0  070  [20]  DD 2C 4D 08 8E AE 62 03 A8 61 00 00 24 17 00 00 2E 00 00 00
2026-06-06T16:36:25.306145,3.632,can0  040  [04]  63 00 0E 00
2026-06-06T16:36:25.306417,3.632,can0  204  [16]  6E 23 1A 45 2D 27 21 08 28 23 30 75 30 75 00 00
2026-06-06T16:36:25.306497,3.632,can0  214  [64]  21 08 00 00 DE E0 FF FF CA FE FF FF B2 F8 FF FF E0 D5 5E 1D 00 04 91 B6 BE 01 00 00 08 00 00 00 C0 D6 FF FF FE 01 00 00 FE 01 00 00 4C 0F 00 00 02 07 00 00 00 00 00 00 00 00 00 00 00 00 00 00
2026-06-06T16:36:25.306730,3.632,can0  070  [20]  DD 2C 4D 08 8E AE 62 03 A8 61 00 00 24 17 00 00 2F 00 00 00
2026-06-06T16:36:25.311805,3.637,can0  206  [24]  76 0C 63 06 62 0C 99 C6 5B 07 6B 0C 9E 0C 00 00 00 00 00 00 00 00 00 00
2026-06-06T16:36:25.410991,3.736,can0  204  [16]  6E 23 14 45 FD 26 1E 08 28 23 30 75 30 75 00 00
2026-06-06T16:36:25.411151,3.737,can0  214  [64]  1E 08 00 00 AD E0 FF FF C4 FE FF FF A8 F8 FF FF E0 D5 5E 1D 00 04 91 B6 BC 01 00 00 06 00 00 00 DC F6 FF FF FE 01 00 00 FE 01 00 00 5F 0F 00 00 02 07 00 00 00 00 00 00 00 00 00 00 00 00 00 00
2026-06-06T16:36:25.411530,3.737,can0  070  [20]  DD 2C 4D 08 8E AE 62 03 A8 61 00 00 24 17 00 00 2F 00 00 00
2026-06-06T16:36:25.411977,3.737,can0  041  [04]  B5 00 05 00
2026-06-06T16:36:25.499409,3.825,can0  204  [16]  6E 23 14 45 FD 26 1E 08 28 23 30 75 30 75 00 00
2026-06-06T16:36:25.499563,3.825,can0  214  [64]  1E 08 00 00 AD E0 FF FF C4 FE FF FF A8 F8 FF FF E0 D5 5E 1D 00 04 91 B6 BB 01 00 00 0D 00 00 00 DC F6 FF FF FE 01 00 00 FE 01 00 00 5F 0F 00 00 02 07 00 00 00 00 00 00 00 00 00 00 00 00 00 00
2026-06-06T16:36:25.503767,3.829,can0  206  [24]  71 0C 63 06 5D 0C 99 C6 5C 07 62 0C A3 0C 00 00 00 00 00 00 00 00 00 00
2026-06-06T16:36:25.504471,3.830,can0  040  [04]  79 00 10 00
2026-06-06T16:36:25.504528,3.830,can0  204  [16]  6E 23 14 45 3F 27 23 09 28 23 30 75 30 75 00 00
2026-06-06T16:36:25.504564,3.830,can0  214  [64]  23 09 00 00 EF E0 FF FF C4 FE FF FF A8 F8 FF FF E0 D5 5E 1D 00 04 91 B6 BB 01 00 00 0D 00 00 00 AC E0 FF FF FB 01 00 00 FB 01 00 00 6B 0F 00 00 02 07 00 00 00 00 00 00 00 00 00 00 00 00 00 00
2026-06-06T16:36:25.643122,3.969,can0  204  [16]  6E 23 14 45 3F 27 23 09 28 23 30 75 30 75 00 00
2026-06-06T16:36:25.643227,3.969,can0  214  [64]  23 09 00 00 EF E0 FF FF C4 FE FF FF A8 F8 FF FF E0 D5 5E 1D 00 04 91 B6 BA 01 00 00 27 00 00 00 AC E0 FF FF FB 01 00 00 FB 01 00 00 6B 0F 00 00 02 07 00 00 00 00 00 00 00 00 00 00 00 00 00 00
2026-06-06T16:36:25.708461,4.034,can0  206  [24]  71 0C 63 06 5D 0C 99 C6 5B 07 62 0C A3 0C 00 00 00 00 00 00 00 00 00 00
2026-06-06T16:36:25.708573,4.034,can0  041  [04]  AD 00 07 00
2026-06-06T16:36:25.708687,4.034,can0  204  [16]  6E 23 13 45 3B 27 65 08 28 23 30 75 30 75 00 00
2026-06-06T16:36:25.708857,4.034,can0  214  [64]  65 08 00 00 EC E0 FF FF C3 FE FF FF A8 F8 FF FF E0 D5 5E 1D 00 04 91 B6 B8 01 00 00 27 00 00 00 BE E7 FF FF 01 02 00 00 01 02 00 00 78 0F 00 00 02 07 00 00 00 00 00 00 00 00 00 00 00 00 00 00
2026-06-06T16:36:25.823718,4.149,can0  204  [16]  6E 23 14 45 54 27 97 08 28 23 30 75 30 75 00 00
2026-06-06T16:36:25.823859,4.149,can0  214  [64]  97 08 00 00 05 E1 FF FF C4 FE FF FF 9E F8 FF FF E0 D5 5E 1D 00 04 91 B6 B8 01 00 00 18 00 00 00 DA E9 FF FF F7 01 00 00 F7 01 00 00 82 0F 00 00 02 07 00 00 00 00 00 00 00 00 00 00 00 00 00 00
2026-06-06T16:36:25.825234,4.151,can0  040  [04]  89 00 10 00
2026-06-06T16:36:25.825341,4.151,can0  204  [16]  6E 23 14 45 54 27 97 08 28 23 30 75 30 75 00 00
2026-06-06T16:36:25.825417,4.151,can0  214  [64]  97 08 00 00 05 E1 FF FF C4 FE FF FF 9E F8 FF FF E0 D5 5E 1D 00 04 91 B6 B7 01 00 00 06 00 00 00 DA E9 FF FF F7 01 00 00 F7 01 00 00 82 0F 00 00 02 07 00 00 00 00 00 00 00 00 00 00 00 00 00 00
2026-06-06T16:36:25.829921,4.155,can0  206  [24]  71 0C 64 06 62 0C 99 C6 5B 07 5D 0C A3 0C 00 00 00 00 00 00 00 00 00 00
2026-06-06T16:36:25.896673,4.222,can0  100  [03]  97 73 04
2026-06-06T16:36:25.897439,4.223,can0  120  [04]  00 00 00 00
2026-06-06T16:36:25.897508,4.223,can0  204  [16]  6E 23 15 45 22 27 A2 08 28 23 30 75 30 75 00 00
2026-06-06T16:36:25.897571,4.223,can0  214  [64]  A2 08 00 00 D3 E0 FF FF C5 FE FF FF 9E F8 FF FF E0 D5 5E 1D 00 04 91 B6 B7 01 00 00 06 00 00 00 3A F3 FF FF FE 01 00 00 FE 01 00 00 85 0F 00 00 02 07 00 00 00 00 00 00 00 00 00 00 00 00 00 00
2026-06-06T16:36:25.897884,4.223,can0  070  [20]  DD 2C 4D 08 8E AE 62 03 A8 61 00 00 24 17 00 00 2F 00 00 00
2026-06-06T16:36:26.004599,4.330,can0  041  [04]  AF 00 09 00
2026-06-06T16:36:26.005035,4.330,can0  204  [16]  6E 23 15 45 22 27 A2 08 28 23 30 75 30 75 00 00
2026-06-06T16:36:26.005099,4.330,can0  214  [64]  A2 08 00 00 D3 E0 FF FF C5 FE FF FF 9E F8 FF FF E0 D5 5E 1D 00 04 91 B6 B6 01 00 00 16 00 00 00 3A F3 FF FF FE 01 00 00 FE 01 00 00 85 0F 00 00 02 07 00 00 00 00 00 00 00 00 00 00 00 00 00 00
2026-06-06T16:36:26.008930,4.334,can0  206  [24]  76 0C 65 06 62 0C 99 C6 5B 07 5D 0C 9E 0C 00 00 00 00 00 00 00 00 00 00
2026-06-06T16:36:26.009447,4.335,can0  204  [16]  6E 23 11 45 1B 27 F0 08 28 23 30 75 30 75 00 00
2026-06-06T16:36:26.009505,4.335,can0  214  [64]  F0 08 00 00 CB E0 FF FF C1 FE FF FF 9E F8 FF FF E0 D5 5E 1D 00 04 91 B6 B6 01 00 00 16 00 00 00 03 F9 FF FF F7 01 00 00 F7 01 00 00 8A 0F 00 00 02 07 00 00 00 00 00 00 00 00 00 00 00 00 00 00
2026-06-06T16:36:26.016074,4.341,can0  070  [20]  DD 2C 4D 08 8E AE 62 03 A8 61 00 00 24 17 00 00 2F 00 00 00
2026-06-06T16:36:26.117132,4.443,can0  040  [04]  8C 00 11 00
2026-06-06T16:36:26.117553,4.443,can0  204  [16]  6E 23 11 45 1B 27 F0 08 28 23 30 75 30 75 00 00
2026-06-06T16:36:26.117630,4.443,can0  214  [64]  F0 08 00 00 CB E0 FF FF C1 FE FF FF 9E F8 FF FF E0 D5 5E 1D 00 04 91 B6 B5 01 00 00 23 00 00 00 03 F9 FF FF F7 01 00 00 F7 01 00 00 8A 0F 00 00 02 07 00 00 00 00 00 00 00 00 00 00 00 00 00 00
2026-06-06T16:36:26.117910,4.443,can0  060  [32]  00 00 00 00 DD 2C 4D 08 E3 03 B8 10 00 00 10 0E FF 01 00 00 00 00 00 00 01 00 00 00 00 00 00 00
2026-06-06T16:36:26.222478,4.548,can0  133  [00]
2026-06-06T16:36:26.226661,4.552,can0  206  [24]  76 0C 65 06 62 0C 99 C6 5B 07 5D 0C 9E 0C 00 00 00 00 00 00 00 00 00 00
2026-06-06T16:36:26.227159,4.553,can0  204  [16]  6E 23 0F 45 08 27 21 09 28 23 30 75 30 75 00 00
2026-06-06T16:36:26.227224,4.553,can0  214  [64]  21 09 00 00 B8 E0 FF FF BF FE FF FF 94 F8 FF FF E0 D5 5E 1D 00 04 91 B6 B5 01 00 00 23 00 00 00 42 09 00 00 00 02 00 00 00 02 00 00 91 0F 00 00 02 07 00 00 00 00 00 00 00 00 00 00 00 00 00 00
2026-06-06T16:36:26.227568,4.553,can0  041  [04]  AE 00 08 00
2026-06-06T16:36:26.343078,4.668,can0  204  [16]  6E 23 11 45 13 27 A7 09 28 23 30 75 30 75 00 00
2026-06-06T16:36:26.343217,4.669,can0  214  [64]  A7 09 00 00 C3 E0 FF FF C1 FE FF FF 9E F8 FF FF E0 D5 5E 1D 00 04 91 B6 B4 01 00 00 10 00 00 00 48 F4 FF FF F9 01 00 00 F9 01 00 00 96 0F 00 00 02 07 00 00 00 00 00 00 00 00 00 00 00 00 00 00
2026-06-06T16:36:26.343963,4.669,can0  110  [02]  1F 1B
2026-06-06T16:36:26.344023,4.669,can0  070  [20]  DD 2C 4D 08 8E AE 62 03 90 65 00 00 24 17 00 00 41 00 00 00
2026-06-06T16:36:26.344549,4.670,can0  040  [04]  89 00 12 00
2026-06-06T16:36:26.345221,4.671,can0  204  [16]  6E 23 11 45 13 27 A7 09 28 23 30 75 30 75 00 00
2026-06-06T16:36:26.345266,4.671,can0  214  [64]  A7 09 00 00 C3 E0 FF FF C1 FE FF FF 9E F8 FF FF E0 D5 5E 1D 00 04 91 B6 B4 01 00 00 23 00 00 00 48 F4 FF FF F9 01 00 00 F9 01 00 00 96 0F 00 00 02 07 00 00 00 00 00 00 00 00 00 00 00 00 00 00
2026-06-06T16:36:26.348447,4.674,can0  206  [24]  7B 0C 65 06 62 0C 99 C6 5A 07 6B 0C 99 0C 00 00 00 00 00 00 00 00 00 00
2026-06-06T16:36:26.396406,4.722,can0  070  [20]  DD 2C 4D 08 8E AE 62 03 90 65 00 00 24 17 00 00 40 00 00 00
2026-06-06T16:36:26.398098,4.723,can0  204  [16]  6E 23 17 45 30 27 F7 08 28 23 30 75 30 75 00 00
2026-06-06T16:36:26.398154,4.724,can0  214  [64]  F7 08 00 00 E0 E0 FF FF C7 FE FF FF 9E F8 FF FF E0 D5 5E 1D 00 04 91 B6 B4 01 00 00 23 00 00 00 12 FD FF FF FE 01 00 00 FE 01 00 00 92 0F 00 00 02 07 00 00 00 00 00 00 00 00 00 00 00 00 00 00
2026-06-06T16:36:26.398475,4.724,can0  070  [20]  DD 2C 4D 08 8E AE 62 03 90 65 00 00 24 17 00 00 40 00 00 00
2026-06-06T16:36:26.496706,4.822,can0  204  [16]  6E 23 17 45 30 27 F7 08 28 23 30 75 30 75 00 00
2026-06-06T16:36:26.496824,4.822,can0  214  [64]  F7 08 00 00 E0 E0 FF FF C7 FE FF FF 9E F8 FF FF E0 D5 5E 1D 00 04 91 B6 B3 01 00 00 0A 00 00 00 12 FD FF FF FE 01 00 00 FE 01 00 00 92 0F 00 00 02 07 00 00 00 00 00 00 00 00 00 00 00 00 00 00
2026-06-06T16:36:26.501644,4.827,can0  041  [04]  A4 00 06 00
2026-06-06T16:36:26.501707,4.827,can0  206  [24]  7A 0C 65 06 5D 0C 99 C6 5B 07 6B 0C 9E 0C 00 00 00 00 00 00 00 00 00 00
2026-06-06T16:36:26.501989,4.827,can0  204  [16]  6E 23 17 45 4D 27 42 09 28 23 30 75 30 75 00 00
2026-06-06T16:36:26.502126,4.828,can0  214  [64]  42 09 00 00 FD E0 FF FF C7 FE FF FF A8 F8 FF FF E0 D5 5E 1D 00 04 91 B6 B2 01 00 00 0A 00 00 00 88 09 00 00 FE 01 00 00 FE 01 00 00 94 0F 00 00 02 07 00 00 00 00 00 00 00 00 00 00 00 00 00 00
2026-06-06T16:36:26.598352,4.924,can0  040  [04]  89 00 12 00
2026-06-06T16:36:26.598731,4.924,can0  204  [16]  6E 23 17 45 4D 27 AF 09 28 23 30 75 30 75 00 00
2026-06-06T16:36:26.598838,4.924,can0  214  [64]  AF 09 00 00 FD E0 FF FF C7 FE FF FF A8 F8 FF FF E0 D5 5E 1D 00 04 91 B6 B2 01 00 00 16 00 00 00 EA 10 00 00 F6 01 00 00 F6 01 00 00 91 0F 00 00 02 07 00 00 00 00 00 00 00 00 00 00 00 00 00 00
2026-06-06T16:36:26.606609,4.932,can0  060  [32]  00 00 00 00 00 00 00 00 00 00 00 00 00 00 00 00 00 00 00 00 00 00 00 00 00 00 00 00 00 00 00 00
2026-06-06T16:36:26.718951,5.044,can0  206  [24]  7F 0C 65 06 5D 0C 99 C6 5A 07 6B 0C 99 0C 00 00 00 00 00 00 00 00 00 00
2026-06-06T16:36:26.719282,5.045,can0  204  [16]  6E 23 17 45 4D 27 AF 09 28 23 30 75 30 75 00 00
2026-06-06T16:36:26.719407,5.045,can0  214  [64]  AF 09 00 00 FD E0 FF FF C7 FE FF FF A8 F8 FF FF E0 D5 5E 1D 00 04 91 B6 B2 01 00 00 09 00 00 00 EA 10 00 00 F6 01 00 00 F6 01 00 00 91 0F 00 00 02 07 00 00 00 00 00 00 00 00 00 00 00 00 00 00
2026-06-06T16:36:26.719807,5.045,can0  204  [16]  6E 23 12 45 3F 27 F6 09 28 23 30 75 30 75 00 00
2026-06-06T16:36:26.719948,5.045,can0  214  [64]  F6 09 00 00 EF E0 FF FF C2 FE FF FF A8 F8 FF FF E0 D5 5E 1D 00 04 91 B6 B2 01 00 00 09 00 00 00 10 18 00 00 FE 01 00 00 FE 01 00 00 95 0F 00 00 02 07 00 00 00 00 00 00 00 00 00 00 00 00 00 00
2026-06-06T16:36:26.838390,5.164,can0  041  [04]  AD 00 07 00
2026-06-06T16:36:26.838483,5.164,can0  060  [32]  EB 31 D6 02 30 32 4D 08 14 0A B8 10 28 00 67 0B FF 01 00 00 00 00 00 00 01 00 00 00 00 00 00 00
2026-06-06T16:36:26.839175,5.165,can0  204  [16]  6E 23 11 45 0C 27 42 0A 28 23 30 75 30 75 00 00
2026-06-06T16:36:26.839259,5.165,can0  214  [64]  42 0A 00 00 BC E0 FF FF C1 FE FF FF B2 F8 FF FF E0 D5 5E 1D 00 04 91 B6 B1 01 00 00 15 00 00 00 C8 0F 00 00 F6 01 00 00 F6 01 00 00 9B 0F 00 00 02 07 00 00 00 00 00 00 00 00 00 00 00 00 00 00
2026-06-06T16:36:26.843325,5.169,can0  206  [24]  7A 0C 67 06 5D 0C 99 C6 5B 07 6B 0C 9E 0C 00 00 00 00 00 00 00 00 00 00
2026-06-06T16:36:26.946271,5.272,can0  040  [04]  8D 00 14 00
2026-06-06T16:36:26.946538,5.272,can0  204  [16]  6E 23 11 45 0C 27 42 0A 28 23 30 75 30 75 00 00
2026-06-06T16:36:26.946690,5.272,can0  214  [64]  42 0A 00 00 BC E0 FF FF C1 FE FF FF B2 F8 FF FF E0 D5 5E 1D 00 04 91 B6 B1 01 00 00 0C 00 00 00 C8 0F 00 00 F6 01 00 00 F6 01 00 00 9B 0F 00 00 02 07 00 00 00 00 00 00 00 00 00 00 00 00 00 00
2026-06-06T16:36:26.947158,5.273,can0  070  [20]  DD 2C 4D 08 8E AE 62 03 90 65 00 00 24 17 00 00 40 00 00 00
2026-06-06T16:36:27.013568,5.339,can0  204  [16]  6E 23 11 45 05 27 04 0A 28 23 30 75 30 75 00 00
2026-06-06T16:36:27.013716,5.339,can0  214  [64]  04 0A 00 00 B5 E0 FF FF C1 FE FF FF BC F8 FF FF E0 D5 5E 1D 00 04 91 B6 B1 01 00 00 0C 00 00 00 58 1B 00 00 FB 01 00 00 FB 01 00 00 A3 0F 00 00 02 07 00 00 00 00 00 00 00 00 00 00 00 00 00 00
2026-06-06T16:36:27.018224,5.344,can0  206  [24]  7A 0C 68 06 5D 0C 99 C6 5B 07 6B 0C 9E 0C 00 00 00 00 00 00 00 00 00 00
2026-06-06T16:36:27.018571,5.344,can0  041  [04]  AA 00 05 00
2026-06-06T16:36:27.019014,5.344,can0  204  [16]  6E 23 11 45 05 27 04 0A 28 23 30 75 30 75 00 00
2026-06-06T16:36:27.019087,5.344,can0  214  [64]  04 0A 00 00 B5 E0 FF FF C1 FE FF FF BC F8 FF FF E0 D5 5E 1D 00 04 91 B6 B2 01 00 00 03 00 00 00 58 1B 00 00 FB 01 00 00 FB 01 00 00 A3 0F 00 00 02 07 00 00 00 00 00 00 00 00 00 00 00 00 00 00
2026-06-06T16:36:27.019412,5.345,can0  070  [20]  DD 2C 4D 08 8E AE 62 03 90 65 00 00 24 17 00 00 40 00 00 00
2026-06-06T16:36:27.127719,5.453,can0  100  [03]  98 73 04
2026-06-06T16:36:27.128553,5.454,can0  120  [04]  00 00 00 00
2026-06-06T16:36:27.128618,5.454,can0  040  [04]  8F 00 15 00
2026-06-06T16:36:27.128682,5.454,can0  204  [16]  6E 23 14 45 F6 26 6F 0A 28 23 30 75 30 75 00 00
2026-06-06T16:36:27.128726,5.454,can0  214  [64]  6F 0A 00 00 A6 E0 FF FF C4 FE FF FF C6 F8 FF FF E0 D5 5E 1D 00 04 91 B6 B1 01 00 00 03 00 00 00 BA 40 00 00 00 02 00 00 00 02 00 00 A9 0F 00 00 02 07 00 00 00 00 00 00 00 00 00 00 00 00 00 00
2026-06-06T16:36:27.247059,5.572,can0  206  [24]  76 0C 68 06 62 0C 99 C6 5A 07 6B 0C 9E 0C 00 00 00 00 00 00 00 00 00 00
2026-06-06T16:36:27.247436,5.573,can0  204  [16]  6E 23 14 45 F6 26 6F 0A 28 23 30 75 30 75 00 00
2026-06-06T16:36:27.247546,5.573,can0  214  [64]  6F 0A 00 00 A6 E0 FF FF C4 FE FF FF C6 F8 FF FF E0 D5 5E 1D 00 04 91 B6 B1 01 00 00 15 00 00 00 BA 40 00 00 00 02 00 00 00 02 00 00 A9 0F 00 00 02 07 00 00 00 00 00 00 00 00 00 00 00 00 00 00
2026-06-06T16:36:27.255224,5.581,can0  204  [16]  6E 23 15 45 25 27 C3 0B 28 23 30 75 30 75 00 00
2026-06-06T16:36:27.316754,5.642,can0  214  [64]  C3 0B 00 00 D5 E0 FF FF C5 FE FF FF C6 F8 FF FF E0 D5 5E 1D 00 04 91 B6 B1 01 00 00 15 00 00 00 6C 0C 00 00 F6 01 00 00 F6 01 00 00 9E 0F 00 00 02 07 00 00 00 00 00 00 00 00 00 00 00 00 00 00
2026-06-06T16:36:27.317345,5.643,can0  041  [04]  A4 00 06 00
2026-06-06T16:36:27.318280,5.644,can0  070  [20]  DD 2C 4D 08 90 AE 62 03 78 69 00 00 24 17 00 00 3B 00 00 00
2026-06-06T16:36:27.323816,5.649,can0  204  [16]  6E 23 15 45 25 27 C3 0B 28 23 30 75 30 75 00 00
2026-06-06T16:36:27.323906,5.649,can0  214  [64]  C3 0B 00 00 D5 E0 FF FF C5 FE FF FF C6 F8 FF FF E0 D5 5E 1D 00 04 91 B6 B1 01 00 00 1B 00 00 00 6C 0C 00 00 F6 01 00 00 F6 01 00 00 9E 0F 00 00 02 07 00 00 00 00 00 00 00 00 00 00 00 00 00 00
2026-06-06T16:36:27.323979,5.649,can0  206  [24]  76 0C 67 06 62 0C 99 C6 59 07 6B 0C 9E 0C 00 00 00 00 00 00 00 00 00 00
2026-06-06T16:36:27.324121,5.650,can0  070  [20]  DD 2C 4D 08 90 AE 62 03 78 69 00 00 24 17 00 00 3B 00 00 00
2026-06-06T16:36:27.425490,5.751,can0  040  [04]  8D 00 16 00
2026-06-06T16:36:27.425929,5.751,can0  204  [16]  6E 23 15 45 25 27 1A 0A 28 23 30 75 30 75 00 00
2026-06-06T16:36:27.425978,5.751,can0  214  [64]  1A 0A 00 00 D5 E0 FF FF C5 FE FF FF D0 F8 FF FF E0 D5 5E 1D 00 04 91 B6 B0 01 00 00 1B 00 00 00 7E 09 00 00 F9 01 00 00 F9 01 00 00 98 0F 00 00 02 07 00 00 00 00 00 00 00 00 00 00 00 00 00 00
2026-06-06T16:36:27.426303,5.752,can0  070  [20]  DD 2C 4D 08 90 AE 62 03 78 69 00 00 24 17 00 00 3B 00 00 00
2026-06-06T16:36:27.564503,5.890,can0  204  [16]  6E 23 11 45 42 27 0A 0A 28 23 30 75 30 75 00 00
2026-06-06T16:36:27.564620,5.890,can0  214  [64]  0A 0A 00 00 F2 E0 FF FF C1 FE FF FF D0 F8 FF FF E0 D5 5E 1D 00 04 91 B6 B0 01 00 00 1C 00 00 00 3A CB FF FF FC 01 00 00 FC 01 00 00 97 0F 00 00 02 07 00 00 00 00 00 00 00 00 00 00 00 00 00 00
2026-06-06T16:36:27.568564,5.894,can0  206  [24]  76 0C 65 06 62 0C 99 C6 5B 07 6B 0C 9E 0C 00 00 00 00 00 00 00 00 00 00
2026-06-06T16:36:27.568939,5.894,can0  204  [16]  6E 23 11 45 42 27 0A 0A 28 23 30 75 30 75 00 00
2026-06-06T16:36:27.568991,5.894,can0  214  [64]  0A 0A 00 00 F2 E0 FF FF C1 FE FF FF D0 F8 FF FF E0 D5 5E 1D 00 04 91 B6 AF 01 00 00 0D 00 00 00 3A CB FF FF FC 01 00 00 FC 01 00 00 97 0F 00 00 02 07 00 00 00 00 00 00 00 00 00 00 00 00 00 00
2026-06-06T16:36:27.614596,5.940,can0  041  [04]  A9 00 0A 00
2026-06-06T16:36:27.614680,5.940,can0  204  [16]  6E 23 15 45 22 27 EC 07 28 23 30 75 30 75 00 00
2026-06-06T16:36:27.614723,5.940,can0  214  [64]  EC 07 00 00 D3 E0 FF FF C5 FE FF FF D0 F8 FF FF E0 D5 5E 1D 00 04 91 B6 AF 01 00 00 0D 00 00 00 F2 EF FF FF FA 01 00 00 FA 01 00 00 90 0F 00 00 02 07 00 00 00 00 00 00 00 00 00 00 00 00 00 00
2026-06-06T16:36:27.715697,6.041,can0  040  [04]  94 00 16 00
2026-06-06T16:36:27.718764,6.044,can0  206  [24]  71 0C 65 06 67 0C 99 C6 5A 07 71 0C 9E 0C 00 00 00 00 00 00 00 00 00 00
2026-06-06T16:36:27.719146,6.045,can0  204  [16]  6E 23 14 45 1E 27 0F 09 28 23 30 75 30 75 00 00
2026-06-06T16:36:27.719249,6.045,can0  214  [64]  0F 09 00 00 CE E0 FF FF C4 FE FF FF D0 F8 FF FF E0 D5 5E 1D 00 04 91 B6 AE 01 00 00 22 00 00 00 F4 29 00 00 FC 01 00 00 FC 01 00 00 91 0F 00 00 02 07 00 00 00 00 00 00 00 00 00 00 00 00 00 00
2026-06-06T16:36:27.837199,6.163,can0  204  [16]  6E 23 14 45 1E 27 0F 09 28 23 30 75 30 75 00 00
2026-06-06T16:36:27.837325,6.163,can0  214  [64]  0F 09 00 00 CE E0 FF FF C4 FE FF FF D0 F8 FF FF E0 D5 5E 1D 00 04 91 B6 AC 01 00 00 13 00 00 00 F4 29 00 00 FC 01 00 00 FC 01 00 00 91 0F 00 00 02 08 00 00 00 00 00 00 00 00 00 00 00 00 00 00
2026-06-06T16:36:27.842591,6.168,can0  041  [04]  A2 00 0A 00
2026-06-06T16:36:27.842662,6.168,can0  204  [16]  6E 23 12 45 08 27 06 0B 28 23 30 75 30 75 00 00
2026-06-06T16:36:27.842702,6.168,can0  214  [64]  06 0B 00 00 B8 E0 FF FF C2 FE FF FF C6 F8 FF FF E0 D5 5E 1D 00 04 91 B6 AC 01 00 00 13 00 00 00 E7 76 00 00 FE 01 00 00 FE 01 00 00 90 0F 00 00 02 08 00 00 00 00 00 00 00 00 00 00 00 00 00 00
2026-06-06T16:36:27.842741,6.168,can0  206  [24]  71 0C 65 06 67 0C 99 C6 5A 07 6B 0C 9E 0C 00 00 00 00 00 00 00 00 00 00
2026-06-06T16:36:27.942923,6.268,can0  110  [02]  24 1B
2026-06-06T16:36:27.943207,6.269,can0  204  [16]  6E 23 12 45 08 27 06 0B 28 23 30 75 30 75 00 00
2026-06-06T16:36:27.943309,6.269,can0  214  [64]  06 0B 00 00 B8 E0 FF FF C2 FE FF FF C6 F8 FF FF E0 D5 5E 1D 00 04 91 B6 AA 01 00 00 20 00 00 00 E7 76 00 00 FE 01 00 00 FE 01 00 00 90 0F 00 00 02 08 00 00 00 00 00 00 00 00 00 00 00 00 00 00
2026-06-06T16:36:27.954007,6.279,can0  040  [04]  91 00 16 00
2026-06-06T16:36:28.043759,6.369,can0  070  [20]  DD 2C 4D 08 90 AE 62 03 78 69 00 00 24 17 00 00 3B 00 00 00
2026-06-06T16:36:28.044550,6.370,can0  204  [16]  6E 23 16 45 22 27 B0 0D 28 23 30 75 30 75 00 00
2026-06-06T16:36:28.044649,6.370,can0  214  [64]  B0 0D 00 00 D3 E0 FF FF C6 FE FF FF B2 F8 FF FF E0 D5 5E 1D 00 04 91 B6 A8 01 00 00 20 00 00 00 74 04 00 00 06 02 00 00 06 02 00 00 8C 0F 00 00 02 08 00 00 00 00 00 00 00 00 00 00 00 00 00 00
2026-06-06T16:36:28.048988,6.374,can0  206  [24]  6B 0C 65 06 67 0C 99 C6 5B 07 6B 0C A3 0C 00 00 00 00 00 00 00 00 00 00
2026-06-06T16:36:28.049407,6.375,can0  204  [16]  6E 23 12 45 22 27 18 0A 28 23 30 75 30 75 00 00
2026-06-06T16:36:28.049544,6.375,can0  214  [64]  18 0A 00 00 D3 E0 FF FF C2 FE FF FF A8 F8 FF FF E0 D5 5E 1D 00 04 91 B6 A8 01 00 00 5C 00 00 00 00 E7 FF FF 27 02 00 00 27 02 00 00 87 0F 00 00 02 08 00 00 00 00 00 00 00 00 00 00 00 00 00 00
2026-06-06T16:36:28.100038,6.425,can0  070  [20]  DD 2C 4D 08 90 AE 62 03 78 69 00 00 24 17 00 00 3B 00 00 00
2026-06-06T16:36:28.100726,6.426,can0  041  [04]  A5 00 0B 00
2026-06-06T16:36:28.100816,6.426,can0  204  [16]  6E 23 12 45 22 27 18 0A 28 23 30 75 30 75 00 00
2026-06-06T16:36:28.100911,6.426,can0  214  [64]  18 0A 00 00 D3 E0 FF FF C2 FE FF FF A8 F8 FF FF E0 D5 5E 1D 00 04 91 B6 A5 01 00 00 03 00 00 00 00 E7 FF FF 27 02 00 00 27 02 00 00 87 0F 00 00 02 08 00 00 00 00 00 00 00 00 00 00 00 00 00 00
2026-06-06T16:36:28.101126,6.427,can0  060  [32]  00 00 00 00 DD 2C 4D 08 E3 03 B8 10 00 00 10 0E FF 01 00 00 00 00 00 00 03 00 00 00 00 00 00 00
2026-06-06T16:36:28.101344,6.427,can0  060  [32]  1D 00 D6 02 3C 92 4D 08 47 56 64 03 7D 00 B2 08 DF 00 80 00 00 00 00 01 03 00 00 00 00 00 00 00
2026-06-06T16:36:28.101529,6.427,can0  060  [32]  67 1A D6 02 C7 95 4D 08 94 F6 62 03 2C 00 C1 0A FF 01 00 00 00 00 00 02 03 00 00 00 00 00 00 00
2026-06-06T16:36:28.245776,6.571,can0  206  [24]  6B 0C 63 06 67 0C 99 C6 5B 07 6B 0C A3 0C 00 00 00 00 00 00 00 00 00 00
2026-06-06T16:36:28.246150,6.572,can0  204  [16]  6E 23 15 45 38 27 08 09 28 23 30 75 30 75 00 00
2026-06-06T16:36:28.246199,6.572,can0  214  [64]  08 09 00 00 E9 E0 FF FF C5 FE FF FF 94 F8 FF FF E0 D5 5E 1D 00 04 91 B6 A5 01 00 00 03 00 00 00 40 5B 00 00 14 02 00 00 14 02 00 00 7D 0F 00 00 02 08 00 00 00 00 00 00 00 00 00 00 00 00 00 00
2026-06-06T16:36:28.246601,6.572,can0  040  [04]  88 00 19 00
2026-06-06T16:36:28.300252,6.626,can0  204  [16]  6E 23 12 45 22 27 FE 0C 28 23 30 75 30 75 00 00
2026-06-06T16:36:28.300412,6.626,can0  214  [64]  FE 0C 00 00 D3 E0 FF FF C2 FE FF FF 9E F8 FF FF E0 D5 5E 1D 00 04 91 B6 A4 01 00 00 55 00 00 00 52 F4 FF FF 1D 02 00 00 1D 02 00 00 69 0F 00 00 02 08 00 00 00 00 00 00 00 00 00 00 00 00 00 00
2026-06-06T16:36:28.300969,6.626,can0  100  [03]  9F 73 04
2026-06-06T16:36:28.301297,6.627,can0  120  [04]  00 00 00 00
2026-06-06T16:36:28.301648,6.627,can0  070  [20]  DD 2C 4D 08 91 AE 62 03 60 6D 00 00 24 17 00 00 09 00 00 00
2026-06-06T16:36:28.302084,6.627,can0  204  [16]  6E 23 12 45 22 27 FE 0C 28 23 30 75 30 75 00 00
2026-06-06T16:36:28.302172,6.628,can0  214  [64]  FE 0C 00 00 D3 E0 FF FF C2 FE FF FF 9E F8 FF FF E0 D5 5E 1D 00 04 91 B6 A7 01 00 00 11 00 00 00 52 F4 FF FF 1D 02 00 00 1D 02 00 00 69 0F 00 00 02 08 00 00 00 00 00 00 00 00 00 00 00 00 00 00
2026-06-06T16:36:28.303745,6.629,can0  206  [24]  71 0C 63 06 67 0C 99 C6 5A 07 6B 0C 9E 0C 00 00 00 00 00 00 00 00 00 00
2026-06-06T16:36:28.313117,6.639,can0  041  [04]  9F 00 0C 00
2026-06-06T16:36:28.402459,6.728,can0  070  [20]  DD 2C 4D 08 91 AE 62 03 60 6D 00 00 24 17 00 00 09 00 00 00
2026-06-06T16:36:28.403113,6.729,can0  204  [16]  6E 23 12 45 22 27 FE 0C 28 23 30 75 30 75 00 00
2026-06-06T16:36:28.403212,6.729,can0  214  [64]  FE 0C 00 00 D3 E0 FF FF C2 FE FF FF 9E F8 FF FF E0 D5 5E 1D 00 04 91 B6 A7 01 00 00 11 00 00 00 52 F4 FF FF 1D 02 00 00 1D 02 00 00 69 0F 00 00 02 08 00 00 00 00 00 00 00 00 00 00 00 00 00 00
2026-06-06T16:36:28.403508,6.729,can0  070  [20]  DD 2C 4D 08 91 AE 62 03 60 6D 00 00 24 17 00 00 09 00 00 00
2026-06-06T16:36:28.411030,6.736,can0  040  [04]  83 00 1C 00
2026-06-06T16:36:28.500338,6.826,can0  204  [16]  6E 23 14 45 13 27 A3 09 28 23 30 75 30 75 00 00
2026-06-06T16:36:28.500451,6.826,can0  214  [64]  A3 09 00 00 C3 E0 FF FF C4 FE FF FF BC F8 FF FF E0 D5 5E 1D 00 04 91 B6 A7 01 00 00 11 00 00 00 98 17 00 00 09 02 00 00 09 02 00 00 5B 0F 00 00 02 08 00 00 00 00 00 00 00 00 00 00 00 00 00 00
2026-06-06T16:36:28.503978,6.829,can0  206  [24]  76 0C 63 06 62 0C 99 C6 59 07 66 0C 9E 0C 00 00 00 00 00 00 00 00 00 00
2026-06-06T16:36:28.504514,6.830,can0  204  [16]  6E 23 15 45 0C 27 CF 0A 28 23 30 75 30 75 00 00
2026-06-06T16:36:28.504692,6.830,can0  214  [64]  CF 0A 00 00 BC E0 FF FF C5 FE FF FF D0 F8 FF FF E0 D5 5E 1D 00 04 91 B6 A7 01 00 00 2C 00 00 00 CB 01 00 00 06 02 00 00 06 02 00 00 4F 0F 00 00 02 08 00 00 00 00 00 00 00 00 00 00 00 00 00 00
2026-06-06T16:36:28.643182,6.969,can0  204  [16]  6E 23 15 45 0C 27 CF 0A 28 23 30 75 30 75 00 00
2026-06-06T16:36:28.643283,6.969,can0  214  [64]  CF 0A 00 00 BC E0 FF FF C5 FE FF FF D0 F8 FF FF E0 D5 5E 1D 00 04 91 B6 A6 01 00 00 1C 00 00 00 CB 01 00 00 06 02 00 00 06 02 00 00 4F 0F 00 00 02 08 00 00 00 00 00 00 00 00 00 00 00 00 00 00
2026-06-06T16:36:28.651091,6.977,can0  041  [04]  9F 00 09 00
2026-06-06T16:36:28.745486,7.071,can0  206  [24]  7A 0C 63 06 5D 0C 99 C6 59 07 66 0C 9E 0C 00 00 00 00 00 00 00 00 00 00
2026-06-06T16:36:28.745849,7.071,can0  204  [16]  6E 23 18 45 1E 27 0C 0A 28 23 30 75 30 75 00 00
2026-06-06T16:36:28.745950,7.071,can0  214  [64]  0C 0A 00 00 CE E0 FF FF C8 FE FF FF C6 F8 FF FF E0 D5 5E 1D 00 04 91 B6 A6 01 00 00 1C 00 00 00 4C 04 00 00 FB 01 00 00 FB 01 00 00 46 0F 00 00 02 08 00 00 00 00 00 00 00 00 00 00 00 00 00 00
2026-06-06T16:36:28.746579,7.072,can0  040  [04]  83 00 1C 00
2026-06-06T16:36:28.747020,7.072,can0  204  [16]  6E 23 18 45 1E 27 0C 0A 28 23 30 75 30 75 00 00
2026-06-06T16:36:28.747098,7.072,can0  214  [64]  0C 0A 00 00 CE E0 FF FF C8 FE FF FF C6 F8 FF FF E0 D5 5E 1D 00 04 91 B6 A7 01 00 00 23 00 00 00 4C 04 00 00 FB 01 00 00 FB 01 00 00 46 0F 00 00 02 08 00 00 00 00 00 00 00 00 00 00 00 00 00 00
2026-06-06T16:36:28.809263,7.135,can0  204  [16]  6E 23 17 45 34 27 24 0A 28 23 30 75 30 75 00 00
2026-06-06T16:36:28.809390,7.135,can0  214  [64]  24 0A 00 00 E4 E0 FF FF C7 FE FF FF DA F8 FF FF E0 D5 5E 1D 00 04 91 B6 A9 01 00 00 14 00 00 00 4C 04 00 00 FA 01 00 00 FA 01 00 00 3D 0F 00 00 02 08 00 00 00 00 00 00 00 00 00 00 00 00 00 00
2026-06-06T16:36:28.814169,7.140,can0  206  [24]  7A 0C 63 06 5D 0C 99 C6 5A 07 66 0C 9E 0C 00 00 00 00 00 00 00 00 00 00
2026-06-06T16:36:28.906636,7.232,can0  041  [04]  A7 00 08 00
2026-06-06T16:36:28.906962,7.232,can0  070  [20]  DD 2C 4D 08 91 AE 62 03 60 6D 00 00 24 17 00 00 09 00 00 00
2026-06-06T16:36:28.909327,7.235,can0  204  [16]  6E 23 14 45 29 27 00 00 28 23 30 75 30 75 00 00
2026-06-06T16:36:28.909423,7.235,can0  214  [64]  00 00 00 00 D9 E0 FF FF C4 FE FF FF F8 F8 FF FF E0 D5 5E 1D 00 04 91 B6 A9 01 00 00 14 00 00 00 D8 18 00 00 08 02 00 00 08 02 00 00 00 00 00 00 02 08 00 00 00 00 00 00 00 00 00 00 00 00 00 00
2026-06-06T16:36:29.000941,7.326,can0  204  [16]  6E 23 14 45 29 27 00 00 28 23 30 75 30 75 00 00
2026-06-06T16:36:29.001078,7.326,can0  214  [64]  00 00 00 00 D9 E0 FF FF C4 FE FF FF F8 F8 FF FF E0 D5 5E 1D 00 04 91 B6 AF 01 00 00 64 00 00 00 D8 18 00 00 08 02 00 00 08 02 00 00 00 00 00 00 02 08 00 00 00 00 00 00 00 00 00 00 00 00 00 00
2026-06-06T16:36:29.001522,7.327,can0  040  [04]  83 00 1C 00
2026-06-06T16:36:29.005325,7.331,can0  206  [24]  7A 0C 65 06 5D 0C 99 C6 5B 07 66 0C 9E 0C 00 00 00 00 00 00 00 00 00 00
2026-06-06T16:36:29.005684,7.331,can0  204  [16]  6E 23 14 45 42 27 F8 0A 28 23 30 75 30 75 00 00
2026-06-06T16:36:29.005813,7.331,can0  214  [64]  F8 0A 00 00 F2 E0 FF FF C4 FE FF FF 3E F9 FF FF E0 D5 5E 1D 00 04 91 B6 B4 01 00 00 64 00 00 00 C8 9C FF FF 19 02 00 00 19 02 00 00 28 0F 00 00 02 08 00 00 00 00 00 00 00 00 00 00 00 00 00 00
2026-06-06T16:36:29.006106,7.332,can0  070  [20]  DD 2C 4D 08 91 AE 62 03 60 6D 00 00 24 17 00 00 09 00 00 00
2026-06-06T16:36:29.143202,7.469,can0  204  [16]  6E 23 0D 45 0C 27 C1 06 28 23 30 75 30 75 00 00
2026-06-06T16:36:29.143347,7.469,can0  214  [64]  C1 06 00 00 BC E0 FF FF BD FE FF FF 7A F9 FF FF E0 D5 5E 1D 00 04 91 B6 B4 01 00 00 21 00 00 00 54 7F FF FF F9 01 00 00 F9 01 00 00 1C 0F 00 00 02 08 00 00 00 00 00 00 00 00 00 00 00 00 00 00
2026-06-06T16:36:29.153046,7.478,can0  041  [04]  97 00 09 00
2026-06-06T16:36:29.242892,7.568,can0  060  [32]  00 00 00 00 DD 2C 4D 08 E6 03 B8 10 00 00 10 0E FF 01 00 00 00 00 00 00 01 00 00 00 00 00 00 00
2026-06-06T16:36:29.247657,7.573,can0  206  [24]  7A 0C 65 06 5D 0C 99 C6 5B 07 66 0C 9E 0C 00 00 00 00 00 00 00 00 00 00
2026-06-06T16:36:29.248146,7.574,can0  204  [16]  6E 23 0D 45 0C 27 C1 06 28 23 30 75 30 75 00 00
2026-06-06T16:36:29.248229,7.574,can0  214  [64]  C1 06 00 00 BC E0 FF FF BD FE FF FF 7A F9 FF FF E0 D5 5E 1D 00 04 91 B6 B9 01 00 00 30 00 00 00 54 7F FF FF F9 01 00 00 F9 01 00 00 1C 0F 00 00 02 08 00 00 00 00 00 00 00 00 00 00 00 00 00 00
2026-06-06T16:36:29.248748,7.574,can0  204  [16]  6E 23 14 45 13 27 A4 05 28 23 30 75 30 75 00 00
2026-06-06T16:36:29.248850,7.574,can0  214  [64]  A4 05 00 00 C3 E0 FF FF C4 FE FF FF B6 F9 FF FF E0 D5 5E 1D 00 04 91 B6 B9 01 00 00 30 00 00 00 1C 67 FF FF FD 01 00 00 FD 01 00 00 0F 0F 00 00 02 08 00 00 00 00 00 00 00 00 00 00 00 00 00 00
2026-06-06T16:36:29.258259,7.584,can0  040  [04]  88 00 1B 00
2026-06-06T16:36:29.301529,7.627,can0  132  [00]
2026-06-06T16:36:29.301796,7.627,can0  070  [20]  DE 2C 4D 08 95 AE 62 03 48 71 00 00 24 17 00 00 45 00 00 00
2026-06-06T16:36:29.306085,7.631,can0  206  [24]  76 0C 65 06 62 0C 99 C6 5B 07 6B 0C 9E 0C 00 00 00 00 00 00 00 00 00 00
2026-06-06T16:36:29.306458,7.632,can0  204  [16]  6E 23 14 45 0C 27 A6 04 28 23 30 75 30 75 00 00
2026-06-06T16:36:29.306589,7.632,can0  214  [64]  A6 04 00 00 BC E0 FF FF C4 FE FF FF E8 F9 FF FF E0 D5 5E 1D 00 04 91 B6 BE 01 00 00 28 00 00 00 AE FC FF FF FB 01 00 00 FB 01 00 00 07 0F 00 00 02 08 00 00 00 00 00 00 00 00 00 00 00 00 00 00
2026-06-06T16:36:29.314596,7.640,can0  070  [20]  DE 2C 4D 08 95 AE 62 03 48 71 00 00 24 17 00 00 45 00 00 00
2026-06-06T16:36:29.443701,7.769,can0  204  [16]  6E 23 14 45 0C 27 A6 04 28 23 30 75 30 75 00 00
2026-06-06T16:36:29.443838,7.769,can0  214  [64]  A6 04 00 00 BC E0 FF FF C4 FE FF FF E8 F9 FF FF E0 D5 5E 1D 00 04 91 B6 C1 01 00 00 4C 00 00 00 AE FC FF FF FB 01 00 00 FB 01 00 00 07 0F 00 00 02 08 00 00 00 00 00 00 00 00 00 00 00 00 00 00
2026-06-06T16:36:29.444558,7.770,can0  041  [04]  9C 00 0A 00
2026-06-06T16:36:29.444606,7.770,can0  070  [20]  DE 2C 4D 08 95 AE 62 03 48 71 00 00 24 17 00 00 45 00 00 00
2026-06-06T16:36:29.504318,7.830,can0  204  [16]  6E 23 18 45 49 27 77 09 28 23 30 75 30 75 00 00
2026-06-06T16:36:29.504466,7.830,can0  214  [64]  77 09 00 00 F9 E0 FF FF C8 FE FF FF 1A FA FF FF E0 D5 5E 1D 00 04 91 B6 C1 01 00 00 4C 00 00 00 7E F5 FF FF 0B 02 00 00 0B 02 00 00 F9 0E 00 00 02 08 00 00 00 00 00 00 00 00 00 00 00 00 00 00
2026-06-06T16:36:29.504973,7.830,can0  100  [03]  A5 73 04
2026-06-06T16:36:29.505258,7.831,can0  110  [02]  1F 1B
2026-06-06T16:36:29.505496,7.831,can0  120  [04]  00 00 00 00
2026-06-06T16:36:29.509243,7.835,can0  206  [24]  71 0C 65 06 62 0C 99 C6 5B 07 6B 0C A3 0C 00 00 00 00 00 00 00 00 00 00
2026-06-06T16:36:29.516679,7.842,can0  040  [04]  8A 00 1A 00
2026-06-06T16:36:29.516753,7.842,can0  204  [16]  6E 23 18 45 49 27 77 09 28 23 30 75 30 75 00 00
2026-06-06T16:36:29.516791,7.842,can0  214  [64]  77 09 00 00 F9 E0 FF FF C8 FE FF FF 1A FA FF FF E0 D5 5E 1D 00 04 91 B6 C7 01 00 00 27 00 00 00 7E F5 FF FF 0B 02 00 00 0B 02 00 00 F9 0E 00 00 02 08 00 00 00 00 00 00 00 00 00 00 00 00 00 00
2026-06-06T16:36:29.643733,7.969,can0  204  [16]  6E 23 16 45 34 27 2F 09 28 23 30 75 30 75 00 00
2026-06-06T16:36:29.643860,7.969,can0  214  [64]  2F 09 00 00 E4 E0 FF FF C6 FE FF FF 56 FA FF FF E0 D5 5E 1D 00 04 91 B6 C7 01 00 00 27 00 00 00 26 D0 FF FF 01 02 00 00 01 02 00 00 EC 0E 00 00 02 08 00 00 00 00 00 00 00 00 00 00 00 00 00 00
2026-06-06T16:36:29.644311,7.970,can0  060  [32]  00 00 00 00 00 00 00 00 00 00 00 00 00 00 00 00 00 00 00 00 00 00 00 00 00 00 00 00 00 00 00 00
2026-06-06T16:36:29.748176,8.074,can0  206  [24]  75 0C 65 06 5D 0C 99 C6 5B 07 6B 0C A3 0C 00 00 00 00 00 00 00 00 00 00
2026-06-06T16:36:29.748490,8.074,can0  204  [16]  6E 23 16 45 34 27 2F 09 28 23 30 75 30 75 00 00
2026-06-06T16:36:29.748613,8.074,can0  214  [64]  2F 09 00 00 E4 E0 FF FF C6 FE FF FF 56 FA FF FF A0 D5 5E 1D 00 04 91 B6 CB 01 00 00 29 00 00 00 26 D0 FF FF 01 02 00 00 01 02 00 00 EC 0E 00 00 02 08 00 00 00 00 00 00 00 00 00 00 00 00 00 00
2026-06-06T16:36:29.750006,8.075,can0  041  [04]  A9 00 0A 00
2026-06-06T16:36:29.750069,8.075,can0  204  [16]  6E 23 14 45 38 27 C7 07 28 23 30 75 30 75 00 00
2026-06-06T16:36:29.750109,8.076,can0  214  [64]  C7 07 00 00 E9 E0 FF FF C4 FE FF FF 7E FA FF FF A0 D5 5E 1D 00 04 91 B6 CB 01 00 00 29 00 00 00 89 CD FF FF 05 02 00 00 05 02 00 00 E2 0E 00 00 02 08 00 00 00 00 00 00 00 00 00 00 00 00 00 00
2026-06-06T16:36:29.843598,8.169,can0  040  [04]  8C 00 17 00
2026-06-06T16:36:29.843911,8.169,can0  204  [16]  6E 23 14 45 38 27 C7 07 28 23 30 75 30 75 00 00
2026-06-06T16:36:29.843960,8.169,can0  214  [64]  C7 07 00 00 E9 E0 FF FF C4 FE FF FF 7E FA FF FF A0 D5 5E 1D 00 04 91 B6 CD 01 00 00 17 00 00 00 89 CD FF FF 05 02 00 00 05 02 00 00 E2 0E 00 00 02 08 00 00 00 00 00 00 00 00 00 00 00 00 00 00
2026-06-06T16:36:29.848271,8.174,can0  206  [24]  75 0C 64 06 5D 0C 99 C6 5B 07 6B 0C A3 0C 00 00 00 00 00 00 00 00 00 00
2026-06-06T16:36:29.944507,8.270,can0  204  [16]  6E 23 12 45 2D 27 A2 07 28 23 30 75 30 75 00 00
2026-06-06T16:36:29.944686,8.270,can0  214  [64]  A2 07 00 00 DE E0 FF FF C2 FE FF FF A6 FA FF FF A0 D5 5E 1D 00 04 91 B6 D1 01 00 00 17 00 00 00 9C AA FF FF 05 02 00 00 05 02 00 00 D7 0E 00 00 02 08 00 00 00 00 00 00 00 00 00 00 00 00 00 00
2026-06-06T16:36:29.945147,8.271,can0  070  [20]  DE 2C 4D 08 95 AE 62 03 48 71 00 00 24 17 00 00 45 00 00 00
2026-06-06T16:36:29.945680,8.271,can0  041  [04]  A5 00 0B 00
2026-06-06T16:36:30.053798,8.379,can0  204  [16]  6E 23 14 45 1B 27 69 06 28 23 30 75 30 75 00 00
2026-06-06T16:36:30.053930,8.379,can0  214  [64]  69 06 00 00 CB E0 FF FF C4 FE FF FF CE FA FF FF A0 D5 5E 1D 00 04 91 B6 D1 01 00 00 19 00 00 00 66 CC FF FF 03 02 00 00 03 02 00 00 C8 0E 00 00 02 08 00 00 00 00 00 00 00 00 00 00 00 00 00 00
2026-06-06T16:36:30.057484,8.383,can0  206  [24]  75 0C 65 06 5D 0C 99 C6 5A 07 71 0C A3 0C 00 00 00 00 00 00 00 00 00 00
2026-06-06T16:36:30.058013,8.383,can0  204  [16]  6E 23 14 45 1B 27 69 06 28 23 30 75 30 75 00 00
2026-06-06T16:36:30.058078,8.383,can0  214  [64]  69 06 00 00 CB E0 FF FF C4 FE FF FF CE FA FF FF A0 D5 5E 1D 00 04 91 B6 D5 01 00 00 25 00 00 00 66 CC FF FF 03 02 00 00 03 02 00 00 C8 0E 00 00 02 08 00 00 00 00 00 00 00 00 00 00 00 00 00 00
2026-06-06T16:36:30.058424,8.384,can0  070  [20]  DE 2C 4D 08 95 AE 62 03 48 71 00 00 24 17 00 00 45 00 00 00
2026-06-06T16:36:30.118524,8.444,can0  040  [04]  97 00 15 00
2026-06-06T16:36:30.118836,8.444,can0  204  [16]  6E 23 18 45 38 27 6A 07 28 23 30 75 30 75 00 00
2026-06-06T16:36:30.118953,8.444,can0  214  [64]  6A 07 00 00 E9 E0 FF FF C8 FE FF FF 00 FB FF FF A0 D5 5E 1D 00 04 91 B6 D5 01 00 00 25 00 00 00 90 CF FF FF FE 01 00 00 FE 01 00 00 BA 0E 00 00 02 08 00 00 00 00 00 00 00 00 00 00 00 00 00 00
2026-06-06T16:36:30.123463,8.449,can0  206  [24]  75 0C 65 06 5D 0C 99 C6 5B 07 71 0C A3 0C 00 00 00 00 00 00 00 00 00 00
2026-06-06T16:36:30.213652,8.539,can0  060  [32]  00 00 00 00 DE 2C 4D 08 E9 03 B8 10 00 00 10 0E FF 01 00 00 00 00 00 00 01 00 00 00 00 00 00 00
2026-06-06T16:36:30.214469,8.540,can0  204  [16]  6E 23 18 45 46 27 75 07 28 23 30 75 30 75 00 00
2026-06-06T16:36:30.214527,8.540,can0  214  [64]  75 07 00 00 F7 E0 FF FF C8 FE FF FF 32 FB FF FF A0 D5 5E 1D 00 04 91 B6 D9 01 00 00 17 00 00 00 B0 09 00 00 0D 02 00 00 0D 02 00 00 AB 0E 00 00 02 08 00 00 00 00 00 00 00 00 00 00 00 00 00 00
2026-06-06T16:36:30.215262,8.541,can0  041  [04]  A7 00 0D 00
2026-06-06T16:36:30.215324,8.541,can0  204  [16]  6E 23 18 45 46 27 75 07 28 23 30 75 30 75 00 00
2026-06-06T16:36:30.215398,8.541,can0  214  [64]  75 07 00 00 F7 E0 FF FF C8 FE FF FF 32 FB FF FF A0 D5 5E 1D 00 04 91 B6 DD 01 00 00 17 00 00 00 B0 09 00 00 0D 02 00 00 0D 02 00 00 AB 0E 00 00 02 08 00 00 00 00 00 00 00 00 00 00 00 00 00 00
2026-06-06T16:36:30.313548,8.639,can0  070  [20]  DE 2C 4D 08 96 AE 62 03 30 75 00 00 24 17 00 00 32 00 00 00
2026-06-06T16:36:30.314081,8.639,can0  204  [16]  6E 23 16 45 3F 27 4D 09 28 23 30 75 30 75 00 00
2026-06-06T16:36:30.314183,8.640,can0  214  [64]  4D 09 00 00 EF E0 FF FF C6 FE FF FF 5A FB FF FF A0 D5 5E 1D 00 04 91 B6 DD 01 00 00 3F 00 00 00 B8 ED FF FF 0F 02 00 00 0F 02 00 00 9D 0E 00 00 02 08 00 00 00 00 00 00 00 00 00 00 00 00 00 00
2026-06-06T16:36:30.314481,8.640,can0  040  [04]  A1 00 15 00
2026-06-06T16:36:30.318386,8.644,can0  206  [24]  7A 0C 65 06 5D 0C 99 C6 5A 07 71 0C 9E 0C 00 00 00 00 00 00 00 00 00 00
2026-06-06T16:36:30.415696,8.741,can0  204  [16]  6E 23 16 45 3F 27 4D 09 28 23 30 75 30 75 00 00
2026-06-06T16:36:30.415845,8.741,can0  214  [64]  4D 09 00 00 EF E0 FF FF C6 FE FF FF 5A FB FF FF A0 D5 5E 1D 00 04 91 B6 DE 01 00 00 3B 00 00 00 B8 ED FF FF 0F 02 00 00 0F 02 00 00 9D 0E 00 00 02 08 00 00 00 00 00 00 00 00 00 00 00 00 00 00
2026-06-06T16:36:30.423823,8.749,can0  070  [20]  DE 2C 4D 08 96 AE 62 03 30 75 00 00 24 17 00 00 31 00 00 00
2026-06-06T16:36:30.423917,8.749,can0  070  [20]  DE 2C 4D 08 96 AE 62 03 30 75 00 00 24 17 00 00 31 00 00 00
2026-06-06T16:36:30.506870,8.832,can0  204  [16]  6E 23 10 45 30 27 58 08 28 23 30 75 30 75 00 00
2026-06-06T16:36:30.507032,8.832,can0  214  [64]  58 08 00 00 E0 E0 FF FF C0 FE FF FF 6E FB FF FF A0 D5 5E 1D 00 04 91 B6 E1 01 00 00 3B 00 00 00 2A EF FF FF 03 02 00 00 03 02 00 00 8E 0E 00 00 02 08 00 00 00 00 00 00 00 00 00 00 00 00 00 00
2026-06-06T16:36:30.507434,8.833,can0  041  [04]  93 00 0D 00
2026-06-06T16:36:30.510549,8.836,can0  206  [24]  76 0C 65 06 62 0C 99 C6 5A 07 6B 0C 9E 0C 00 00 00 00 00 00 00 00 00 00
2026-06-06T16:36:30.518024,8.843,can0  204  [16]  6E 23 11 45 22 27 60 08 28 23 30 75 30 75 00 00
2026-06-06T16:36:30.518109,8.844,can0  214  [64]  60 08 00 00 D3 E0 FF FF C1 FE FF FF 8C FB FF FF A0 D5 5E 1D 00 04 91 B6 E1 01 00 00 04 00 00 00 2F E6 FF FF 0A 02 00 00 0A 02 00 00 80 0E 00 00 02 08 00 00 00 00 00 00 00 00 00 00 00 00 00 00
2026-06-06T16:36:30.611278,8.937,can0  040  [04]  A0 00 18 00
2026-06-06T16:36:30.611669,8.937,can0  204  [16]  6E 23 11 45 22 27 60 08 28 23 30 75 30 75 00 00
2026-06-06T16:36:30.611809,8.937,can0  214  [64]  60 08 00 00 D3 E0 FF FF C1 FE FF FF 8C FB FF FF A0 D5 5E 1D 00 04 91 B6 E3 01 00 00 11 00 00 00 2F E6 FF FF 0A 02 00 00 0A 02 00 00 80 0E 00 00 02 08 00 00 00 00 00 00 00 00 00 00 00 00 00 00
2026-06-06T16:36:30.616874,8.942,can0  060  [32]  00 00 00 00 00 00 00 00 00 00 00 00 00 00 00 00 00 00 00 00 00 00 00 00 00 00 00 00 00 00 00 00
2026-06-06T16:36:30.616951,8.942,can0  206  [24]  76 0C 65 06 62 0C 99 C6 57 07 6B 0C 9E 0C 00 00 00 00 00 00 00 00 00 00
2026-06-06T16:36:30.705662,9.031,can0  204  [16]  6E 23 15 45 30 27 0C 08 28 23 30 75 30 75 00 00
2026-06-06T16:36:30.705804,9.031,can0  214  [64]  0C 08 00 00 E0 E0 FF FF C5 FE FF FF AA FB FF FF A0 D5 5E 1D 00 04 91 B6 E3 01 00 00 11 00 00 00 4A E3 FF FF 03 02 00 00 03 02 00 00 72 0E 00 00 02 08 00 00 00 00 00 00 00 00 00 00 00 00 00 00
2026-06-06T16:36:30.706543,9.032,can0  100  [03]  A2 73 04
2026-06-06T16:36:30.706591,9.032,can0  120  [04]  00 00 00 00
2026-06-06T16:36:30.707154,9.033,can0  204  [16]  6E 23 15 45 30 27 0C 08 28 23 30 75 30 75 00 00
2026-06-06T16:36:30.707250,9.033,can0  214  [64]  0C 08 00 00 E0 E0 FF FF C5 FE FF FF AA FB FF FF A0 D5 5E 1D 00 04 91 B6 E5 01 00 00 23 00 00 00 4A E3 FF FF 03 02 00 00 03 02 00 00 72 0E 00 00 02 08 00 00 00 00 00 00 00 00 00 00 00 00 00 00
2026-06-06T16:36:30.716408,9.042,can0  041  [04]  97 00 09 00
2026-06-06T16:36:30.815352,9.141,can0  204  [16]  6E 23 19 45 29 27 EB 07 28 23 30 75 30 75 00 00
2026-06-06T16:36:30.815507,9.141,can0  214  [64]  EB 07 00 00 D9 E0 FF FF C9 FE FF FF C8 FB FF FF A0 D5 5E 1D 00 04 91 B6 E5 01 00 00 23 00 00 00 E2 FA FF FF F6 01 00 00 F6 01 00 00 64 0E 00 00 02 08 00 00 00 00 00 00 00 00 00 00 00 00 00 00
2026-06-06T16:36:30.820711,9.146,can0  206  [24]  76 0C 65 06 62 0C 99 C6 57 07 6B 0C 9E 0C 00 00 00 00 00 00 00 00 00 00
2026-06-06T16:36:30.828797,9.154,can0  040  [04]  9D 00 1B 00
2026-06-06T16:36:30.930170,9.256,can0  204  [16]  6E 23 19 45 29 27 EB 07 28 23 30 75 30 75 00 00
2026-06-06T16:36:30.930302,9.256,can0  214  [64]  EB 07 00 00 D9 E0 FF FF C9 FE FF FF C8 FB FF FF A0 D5 5E 1D 00 04 91 B6 E7 01 00 00 0D 00 00 00 E2 FA FF FF F6 01 00 00 F6 01 00 00 64 0E 00 00 02 08 00 00 00 00 00 00 00 00 00 00 00 00 00 00
2026-06-06T16:36:30.931155,9.257,can0  070  [20]  DE 2C 4D 08 96 AE 62 03 30 75 00 00 24 17 00 00 31 00 00 00
2026-06-06T16:36:30.931770,9.257,can0  204  [16]  6E 23 19 45 34 27 AA 08 28 23 30 75 30 75 00 00
2026-06-06T16:36:30.931902,9.257,can0  214  [64]  AA 08 00 00 E4 E0 FF FF C9 FE FF FF DC FB FF FF A0 D5 5E 1D 00 04 91 B6 E7 01 00 00 0D 00 00 00 FA E7 FF FF 03 02 00 00 03 02 00 00 57 0E 00 00 02 08 00 00 00 00 00 00 00 00 00 00 00 00 00 00
2026-06-06T16:36:31.060050,9.385,can0  206  [24]  71 0C 64 06 5D 0C 99 C6 59 07 6B 0C A3 0C 00 00 00 00 00 00 00 00 00 00
2026-06-06T16:36:31.060434,9.386,can0  041  [04]  AF 00 09 00
2026-06-06T16:36:31.060671,9.386,can0  204  [16]  6E 23 19 45 34 27 AA 08 28 23 30 75 30 75 00 00
2026-06-06T16:36:31.060808,9.386,can0  214  [64]  AA 08 00 00 E4 E0 FF FF C9 FE FF FF DC FB FF FF A0 D5 5E 1D 00 04 91 B6 E9 01 00 00 09 00 00 00 FA E7 FF FF 03 02 00 00 03 02 00 00 57 0E 00 00 02 08 00 00 00 00 00 00 00 00 00 00 00 00 00 00
2026-06-06T16:36:31.063131,9.389,can0  070  [20]  DE 2C 4D 08 96 AE 62 03 30 75 00 00 24 17 00 00 31 00 00 00
2026-06-06T16:36:31.118154,9.444,can0  110  [02]  21 1B
2026-06-06T16:36:31.118564,9.444,can0  204  [16]  6E 23 13 45 17 27 05 08 28 23 30 75 30 75 00 00
2026-06-06T16:36:31.118687,9.444,can0  214  [64]  05 08 00 00 C7 E0 FF FF C3 FE FF FF FA FB FF FF A0 D5 5E 1D 00 04 91 B6 EB 01 00 00 09 00 00 00 70 EF FF FF 02 02 00 00 02 02 00 00 49 0E 00 00 02 08 00 00 00 00 00 00 00 00 00 00 00 00 00 00
2026-06-06T16:36:31.119168,9.445,can0  040  [04]  9A 00 1D 00
2026-06-06T16:36:31.123031,9.448,can0  206  [24]  71 0C 65 06 62 0C 99 C6 59 07 66 0C A3 0C 00 00 00 00 00 00 00 00 00 00
2026-06-06T16:36:31.219863,9.545,can0  060  [32]  00 00 00 00 DE 2C 4D 08 EB 03 B8 10 00 00 10 0E FF 01 00 00 00 00 00 00 01 00 00 00 00 00 00 00
2026-06-06T16:36:31.220760,9.546,can0  204  [16]  6E 23 0F 45 22 27 3C 08 28 23 30 75 30 75 00 00
2026-06-06T16:36:31.220863,9.546,can0  214  [64]  3C 08 00 00 D3 E0 FF FF BF FE FF FF 0E FC FF FF A0 D5 5E 1D 00 04 91 B6 EB 01 00 00 22 00 00 00 96 E7 FF FF F8 01 00 00 F8 01 00 00 3B 0E 00 00 02 08 00 00 00 00 00 00 00 00 00 00 00 00 00 00
2026-06-06T16:36:31.221359,9.547,can0  204  [16]  6E 23 0F 45 22 27 3C 08 28 23 30 75 30 75 00 00
2026-06-06T16:36:31.221680,9.547,can0  214  [64]  3C 08 00 00 D3 E0 FF FF BF FE FF FF 0E FC FF FF A0 D5 5E 1D 00 04 91 B6 EC 01 00 00 11 00 00 00 96 E7 FF FF F8 01 00 00 F8 01 00 00 3B 0E 00 00 02 08 00 00 00 00 00 00 00 00 00 00 00 00 00 00
2026-06-06T16:36:31.338155,9.664,can0  070  [20]  DE 2C 4D 08 9A AE 62 03 18 79 00 00 24 17 00 00 0B 00 00 00
2026-06-06T16:36:31.341619,9.667,can0  041  [04]  B5 00 0C 00
2026-06-06T16:36:31.341721,9.667,can0  204  [16]  6E 23 0F 45 10 27 F0 07 28 23 30 75 30 75 00 00
2026-06-06T16:36:31.341780,9.667,can0  214  [64]  F0 07 00 00 C0 E0 FF FF BF FE FF FF 22 FC FF FF A0 D5 5E 1D 00 04 91 B6 EC 01 00 00 11 00 00 00 64 F6 FF FF 03 02 00 00 03 02 00 00 2E 0E 00 00 02 08 00 00 00 00 00 00 00 00 00 00 00 00 00 00
2026-06-06T16:36:31.346762,9.672,can0  206  [24]  71 0C 65 06 62 0C 99 C6 5A 07 66 0C A3 0C 00 00 00 00 00 00 00 00 00 00
2026-06-06T16:36:31.347238,9.673,can0  070  [20]  DE 2C 4D 08 9A AE 62 03 18 79 00 00 24 17 00 00 0C 00 00 00
2026-06-06T16:36:31.420930,9.746,can0  040  [04]  94 00 1D 00
2026-06-06T16:36:31.421415,9.747,can0  204  [16]  6E 23 18 45 30 27 63 08 28 23 30 75 30 75 00 00
2026-06-06T16:36:31.421499,9.747,can0  214  [64]  63 08 00 00 E0 E0 FF FF C8 FE FF FF 40 FC FF FF A0 D5 5E 1D 00 04 91 B6 EF 01 00 00 0F 00 00 00 44 07 00 00 FE 01 00 00 FE 01 00 00 21 0E 00 00 02 08 00 00 00 00 00 00 00 00 00 00 00 00 00 00
2026-06-06T16:36:31.432467,9.758,can0  070  [20]  DE 2C 4D 08 9A AE 62 03 18 79 00 00 24 17 00 00 0C 00 00 00
2026-06-06T16:36:31.433124,9.759,can0  204  [16]  6E 23 18 45 30 27 63 08 28 23 30 75 30 75 00 00
2026-06-06T16:36:31.433222,9.759,can0  214  [64]  63 08 00 00 E0 E0 FF FF C8 FE FF FF 40 FC FF FF A0 D5 5E 1D 00 04 91 B6 F0 01 00 00 10 00 00 00 44 07 00 00 FE 01 00 00 FE 01 00 00 21 0E 00 00 02 08 00 00 00 00 00 00 00 00 00 00 00 00 00 00
2026-06-06T16:36:31.540048,9.865,can0  206  [24]  71 0C 65 06 62 0C 99 C6 5B 07 6B 0C A3 0C 00 00 00 00 00 00 00 00 00 00
2026-06-06T16:36:31.540463,9.866,can0  204  [16]  6E 23 1B 45 1B 27 EE 08 28 23 30 75 30 75 00 00
2026-06-06T16:36:31.540517,9.866,can0  214  [64]  EE 08 00 00 CB E0 FF FF CB FE FF FF 54 FC FF FF A0 D5 5E 1D 00 04 91 B6 F0 01 00 00 10 00 00 00 C3 0E 00 00 FF 01 00 00 FF 01 00 00 17 0E 00 00 02 08 00 00 00 00 00 00 00 00 00 00 00 00 00 00
2026-06-06T16:36:31.550973,9.876,can0  041  [04]  BE 00 08 00
2026-06-06T16:36:31.653809,9.979,can0  204  [16]  6E 23 1B 45 1B 27 EE 08 28 23 30 75 30 75 00 00
2026-06-06T16:36:31.653944,9.979,can0  214  [64]  EE 08 00 00 CB E0 FF FF CB FE FF FF 54 FC FF FF A0 D5 5E 1D 00 04 91 B6 F3 01 00 00 11 00 00 00 C3 0E 00 00 FF 01 00 00 FF 01 00 00 17 0E 00 00 02 08 00 00 00 00 00 00 00 00 00 00 00 00 00 00
2026-06-06T16:36:31.654637,9.980,can0  060  [32]  00 00 00 00 00 00 00 00 00 00 00 00 00 00 00 00 00 00 00 00 00 00 00 00 00 00 00 00 00 00 00 00
2026-06-06T16:36:31.659539,9.985,can0  206  [24]  76 0C 64 06 62 0C 99 C6 5B 07 6B 0C 9E 0C 00 00 00 00 00 00 00 00 00 00
2026-06-06T16:36:31.669408,9.995,can0  040  [04]  91 00 1C 00
2026-06-06T16:36:31.718994,10.044,can0  204  [16]  6E 23 18 45 29 27 36 09 28 23 30 75 30 75 00 00
2026-06-06T16:36:31.719102,10.045,can0  214  [64]  36 09 00 00 D9 E0 FF FF C8 FE FF FF 68 FC FF FF A0 D5 5E 1D 00 04 91 B6 F4 01 00 00 11 00 00 00 24 22 00 00 FB 01 00 00 FB 01 00 00 13 0E 00 00 02 08 00 00 00 00 00 00 00 00 00 00 00 00 00 00
2026-06-06T16:36:31.719668,10.045,can0  204  [16]  6E 23 13 45 1E 27 E0 09 28 23 30 75 30 75 00 00
2026-06-06T16:36:31.719830,10.045,can0  214  [64]  E0 09 00 00 CE E0 FF FF C3 FE FF FF 86 FC FF FF A0 D5 5E 1D 00 04 91 B6 F4 01 00 00 10 00 00 00 9C 0E 00 00 FB 01 00 00 FB 01 00 00 0C 0E 00 00 02 08 00 00 00 00 00 00 00 00 00 00 00 00 00 00
2026-06-06T16:36:31.856701,10.182,can0  204  [16]  6E 23 13 45 1E 27 E0 09 28 23 30 75 30 75 00 00
2026-06-06T16:36:31.856858,10.182,can0  214  [64]  E0 09 00 00 CE E0 FF FF C3 FE FF FF 86 FC FF FF A0 D5 5E 1D 00 04 91 B6 F7 01 00 00 1E 00 00 00 9C 0E 00 00 FB 01 00 00 FB 01 00 00 0C 0E 00 00 02 08 00 00 00 00 00 00 00 00 00 00 00 00 00 00
2026-06-06T16:36:31.857269,10.183,can0  041  [04]  B5 00 08 00
2026-06-06T16:36:31.861588,10.187,can0  206  [24]  76 0C 64 06 62 0C 99 C6 5B 07 6B 0C 9E 0C 00 00 00 00 00 00 00 00 00 00
2026-06-06T16:36:31.949802,10.275,can0  130  [00]
2026-06-06T16:36:31.949892,10.275,can0  100  [03]  A1 73 04
2026-06-06T16:36:31.949963,10.275,can0  204  [16]  6E 23 11 45 1E 27 49 09 28 23 30 75 30 75 00 00
2026-06-06T16:36:31.952451,10.278,can0  214  [64]  49 09 00 00 CE E0 FF FF C1 FE FF FF 9A FC FF FF A0 D5 5E 1D 00 04 91 B6 F7 01 00 00 1E 00 00 00 16 12 00 00 F8 01 00 00 F8 01 00 00 07 0E 00 00 02 08 00 00 00 00 00 00 00 00 00 00 00 00 00 00
2026-06-06T16:36:31.952570,10.278,can0  120  [04]  00 00 00 00
2026-06-06T16:36:31.952643,10.278,can0  070  [20]  DE 2C 4D 08 9A AE 62 03 18 79 00 00 24 17 00 00 0C 00 00 00
2026-06-06T16:36:31.952716,10.278,can0  040  [04]  95 00 1B 00
2026-06-06T16:36:31.952785,10.278,can0  204  [16]  6E 23 11 45 1E 27 49 09 28 23 30 75 30 75 00 00
2026-06-06T16:36:31.952854,10.278,can0  214  [64]  49 09 00 00 CE E0 FF FF C1 FE FF FF 9A FC FF FF A0 D5 5E 1D 00 04 91 B6 F9 01 00 00 0E 00 00 00 16 12 00 00 F8 01 00 00 F8 01 00 00 07 0E 00 00 02 08 00 00 00 00 00 00 00 00 00 00 00 00 00 00
2026-06-06T16:36:32.025567,10.351,can0  206  [24]  76 0C 65 06 62 0C 99 C6 5C 07 71 0C 9E 0C 00 00 00 00 00 00 00 00 00 00
2026-06-06T16:36:32.025852,10.351,can0  060  [32]  B2 5E D6 02 7F AD 4D 08 92 56 64 03 3E 00 33 0D 60 01 FF 00 00 00 00 00 01 00 00 00 00 00 00 00
2026-06-06T16:36:32.036277,10.362,can0  204  [16]  6E 23 15 45 22 27 6F 09 28 23 30 75 30 75 00 00
2026-06-06T16:36:32.036375,10.362,can0  214  [64]  6F 09 00 00 D3 E0 FF FF C5 FE FF FF C2 FC FF FF A0 D5 5E 1D 00 04 91 B6 F9 01 00 00 0E 00 00 00 24 18 00 00 01 02 00 00 01 02 00 00 05 0E 00 00 02 08 00 00 00 00 00 00 00 00 00 00 00 00 00 00
2026-06-06T16:36:32.140068,10.465,can0  041  [04]  B5 00 08 00
2026-06-06T16:36:32.140235,10.466,can0  070  [20]  DE 2C 4D 08 9A AE 62 03 18 79 00 00 24 17 00 00 0C 00 00 00
2026-06-06T16:36:32.141028,10.466,can0  204  [16]  6E 23 15 45 22 27 6F 09 28 23 30 75 30 75 00 00
2026-06-06T16:36:32.141114,10.467,can0  214  [64]  6F 09 00 00 D3 E0 FF FF C5 FE FF FF C2 FC FF FF A0 D5 5E 1D 00 04 91 B6 FB 01 00 00 0A 00 00 00 24 18 00 00 01 02 00 00 01 02 00 00 05 0E 00 00 02 08 00 00 00 00 00 00 00 00 00 00 00 00 00 00
2026-06-06T16:36:32.146110,10.472,can0  206  [24]  76 0C 65 06 62 0C 99 C6 5B 07 6B 0C 9E 0C 00 00 00 00 00 00 00 00 00 00
2026-06-06T16:36:32.210860,10.536,can0  204  [16]  6E 23 17 45 2D 27 AD 09 28 23 30 75 30 75 00 00
2026-06-06T16:36:32.210991,10.536,can0  214  [64]  AD 09 00 00 DE E0 FF FF C7 FE FF FF D6 FC FF FF A0 D5 5E 1D 00 04 91 B6 FD 01 00 00 0A 00 00 00 8C 23 00 00 FD 01 00 00 FD 01 00 00 0A 0E 00 00 02 08 00 00 00 00 00 00 00 00 00 00 00 00 00 00
2026-06-06T16:36:32.211492,10.537,can0  040  [04]  96 00 1A 00
2026-06-06T16:36:32.211855,10.537,can0  204  [16]  6E 23 18 45 22 27 19 0A 28 23 30 75 30 75 00 00
2026-06-06T16:36:32.211952,10.537,can0  214  [64]  19 0A 00 00 D3 E0 FF FF C8 FE FF FF EA FC FF FF A0 D5 5E 1D 00 04 91 B6 FD 01 00 00 2B 00 00 00 C8 19 00 00 03 02 00 00 03 02 00 00 0F 0E 00 00 02 08 00 00 00 00 00 00 00 00 00 00 00 00 00 00
2026-06-06T16:36:32.321922,10.647,can0  070  [20]  DE 2C 4D 08 9D AE 62 03 00 7D 00 00 24 17 00 00 2E 00 00 00
2026-06-06T16:36:32.323061,10.648,can0  204  [16]  6E 23 18 45 22 27 19 0A 28 23 30 75 30 75 00 00
2026-06-06T16:36:32.323129,10.649,can0  214  [64]  19 0A 00 00 D3 E0 FF FF C8 FE FF FF EA FC FF FF A0 D5 5E 1D 00 04 91 B6 FF 01 00 00 11 00 00 00 C8 19 00 00 03 02 00 00 03 02 00 00 0F 0E 00 00 02 08 00 00 00 00 00 00 00 00 00 00 00 00 00 00
2026-06-06T16:36:32.326565,10.652,can0  206  [24]  71 0C 65 06 62 0C 99 C6 5B 07 6B 0C A3 0C 00 00 00 00 00 00 00 00 00 00
2026-06-06T16:36:32.326812,10.652,can0  070  [20]  DE 2C 4D 08 9D AE 62 03 00 7D 00 00 24 17 00 00 2D 00 00 00
2026-06-06T16:36:32.328834,10.654,can0  041  [04]  AE 00 08 00
2026-06-06T16:36:32.445225,10.771,can0  204  [16]  6E 23 11 45 17 27 D4 09 28 23 30 75 30 75 00 00
2026-06-06T16:36:32.447576,10.773,can0  214  [64]  D4 09 00 00 C7 E0 FF FF C1 FE FF FF 08 FD FF FF A0 D5 5E 1D 00 04 91 B6 FF 01 00 00 11 00 00 00 2C 24 00 00 FA 01 00 00 FA 01 00 00 15 0E 00 00 02 08 00 00 00 00 00 00 00 00 00 00 00 00 00 00
2026-06-06T16:36:32.447662,10.773,can0  070  [20]  DE 2C 4D 08 9D AE 62 03 00 7D 00 00 24 17 00 00 2D 00 00 00
2026-06-06T16:36:32.447701,10.773,can0  040  [04]  97 00 18 00
2026-06-06T16:36:32.447734,10.773,can0  204  [16]  6E 23 0F 45 08 27 3D 0A 28 23 30 75 30 75 00 00
2026-06-06T16:36:32.447768,10.773,can0  214  [64]  3D 0A 00 00 B8 E0 FF FF BF FE FF FF 1C FD FF FF A0 D5 5E 1D 00 04 91 B6 01 02 00 00 1B 00 00 00 B0 0E 00 00 F9 01 00 00 F9 01 00 00 18 0E 00 00 02 08 00 00 00 00 00 00 00 00 00 00 00 00 00 00
2026-06-06T16:36:32.513153,10.839,can0  206  [24]  71 0C 65 06 62 0C 99 C6 5B 07 71 0C A3 0C 00 00 00 00 00 00 00 00 00 00
2026-06-06T16:36:32.513254,10.839,can0  204  [16]  6E 23 0F 45 08 27 3D 0A 28 23 30 75 30 75 00 00
2026-06-06T16:36:32.513334,10.839,can0  214  [64]  3D 0A 00 00 B8 E0 FF FF BF FE FF FF 1C FD FF FF A0 D5 5E 1D 00 04 91 B6 04 02 00 00 08 00 00 00 B0 0E 00 00 F9 01 00 00 F9 01 00 00 18 0E 00 00 02 08 00 00 00 00 00 00 00 00 00 00 00 00 00 00
2026-06-06T16:36:32.513770,10.839,can0  060  [32]  00 00 00 00 DE 2C 4D 08 EE 03 B8 10 00 00 10 0E FF 01 00 00 00 00 00 00 02 00 00 00 00 00 00 00
2026-06-06T16:36:32.514874,10.840,can0  060  [32]  E0 30 4C 06 1A A9 4D 08 4D EA 62 03 00 00 D5 07 EF 00 80 00 00 00 00 01 02 00 00 00 00 00 00 00
2026-06-06T16:36:32.616064,10.941,can0  204  [16]  6E 23 11 45 13 27 90 09 28 23 30 75 30 75 00 00
2026-06-06T16:36:32.616262,10.942,can0  214  [64]  90 09 00 00 C3 E0 FF FF C1 FE FF FF 30 FD FF FF A0 D5 5E 1D 00 04 91 B6 04 02 00 00 08 00 00 00 48 FE FF FF 03 02 00 00 03 02 00 00 10 0E 00 00 02 08 00 00 00 00 00 00 00 00 00 00 00 00 00 00
2026-06-06T16:36:32.616923,10.942,can0  041  [04]  B5 00 0B 00
2026-06-06T16:36:32.618691,10.944,can0  206  [24]  71 0C 65 06 62 0C 99 C6 5B 07 71 0C A3 0C 00 00 00 00 00 00 00 00 00 00
2026-06-06T16:36:32.622272,10.948,can0  204  [16]  6E 23 11 45 13 27 90 09 28 23 30 75 30 75 00 00
2026-06-06T16:36:32.622425,10.948,can0  214  [64]  90 09 00 00 C3 E0 FF FF C1 FE FF FF 30 FD FF FF A0 D5 5E 1D 00 04 91 B6 05 02 00 00 0A 00 00 00 48 FE FF FF 03 02 00 00 03 02 00 00 10 0E 00 00 02 08 00 00 00 00 00 00 00 00 00 00 00 00 00 00
2026-06-06T16:36:32.731554,11.057,can0  110  [02]  22 1B
2026-06-06T16:36:32.732262,11.058,can0  040  [04]  94 00 16 00
2026-06-06T16:36:32.732344,11.058,can0  204  [16]  6E 23 15 45 22 27 05 09 28 23 30 75 30 75 00 00
2026-06-06T16:36:32.732427,11.058,can0  214  [64]  05 09 00 00 D3 E0 FF FF C5 FE FF FF 44 FD FF FF A0 D5 5E 1D 00 04 91 B6 05 02 00 00 0A 00 00 00 68 E8 FF FF FD 01 00 00 FD 01 00 00 08 0E 00 00 02 08 00 00 00 00 00 00 00 00 00 00 00 00 00 00
2026-06-06T16:36:32.840378,11.166,can0  204  [16]  6E 23 1A 45 42 27 4B 08 28 23 30 75 30 75 00 00
2026-06-06T16:36:32.840540,11.166,can0  214  [64]  4B 08 00 00 F2 E0 FF FF CA FE FF FF 4E FD FF FF A0 D5 5E 1D 00 04 91 B6 05 02 00 00 0D 00 00 00 66 08 00 00 FF 01 00 00 FF 01 00 00 FD 0D 00 00 02 08 00 00 00 00 00 00 00 00 00 00 00 00 00 00
2026-06-06T16:36:32.846058,11.171,can0  206  [24]  71 0C 65 06 62 0C 99 C6 5B 07 71 0C A3 0C 00 00 00 00 00 00 00 00 00 00
2026-06-06T16:36:32.913035,11.238,can0  041  [04]  B5 00 07 00
2026-06-06T16:36:32.913411,11.239,can0  204  [16]  6E 23 1A 45 42 27 4B 08 28 23 30 75 30 75 00 00
2026-06-06T16:36:32.913535,11.239,can0  214  [64]  4B 08 00 00 F2 E0 FF FF CA FE FF FF 4E FD FF FF A0 D5 5E 1D 00 04 91 B6 06 02 00 00 0F 00 00 00 66 08 00 00 FF 01 00 00 FF 01 00 00 FD 0D 00 00 02 08 00 00 00 00 00 00 00 00 00 00 00 00 00 00
2026-06-06T16:36:32.914103,11.240,can0  070  [20]  DE 2C 4D 08 9D AE 62 03 00 7D 00 00 24 17 00 00 2D 00 00 00
2026-06-06T16:36:32.914592,11.240,can0  204  [16]  6E 23 18 45 4D 27 58 09 28 23 30 75 30 75 00 00
2026-06-06T16:36:32.914717,11.240,can0  214  [64]  58 09 00 00 FD E0 FF FF C8 FE FF FF 58 FD FF FF A0 D5 5E 1D 00 04 91 B6 06 02 00 00 0F 00 00 00 8A 11 00 00 FE 01 00 00 FE 01 00 00 F3 0D 00 00 02 08 00 00 00 00 00 00 00 00 00 00 00 00 00 00
2026-06-06T16:36:33.049125,11.375,can0  040  [04]  8D 00 14 00
2026-06-06T16:36:33.053269,11.379,can0  206  [24]  75 0C 65 06 5D 0C 99 C6 5B 07 71 0C A3 0C 00 00 00 00 00 00 00 00 00 00
2026-06-06T16:36:33.053614,11.379,can0  204  [16]  6E 23 15 45 34 27 A6 09 28 23 30 75 30 75 00 00
2026-06-06T16:36:33.053763,11.379,can0  214  [64]  A6 09 00 00 E4 E0 FF FF C5 FE FF FF 62 FD FF FF A0 D5 5E 1D 00 04 91 B6 07 02 00 00 1C 00 00 00 44 11 00 00 FF 01 00 00 FF 01 00 00 E8 0D 00 00 02 08 00 00 00 00 00 00 00 00 00 00 00 00 00 00
2026-06-06T16:36:33.054170,11.380,can0  070  [20]  DE 2C 4D 08 9D AE 62 03 00 7D 00 00 24 17 00 00 2D 00 00 00
2026-06-06T16:36:33.056156,11.382,can0  060  [32]  00 00 00 00 00 00 00 00 00 00 00 00 00 00 00 00 00 00 00 00 00 00 00 00 00 00 00 00 00 00 00 00
2026-06-06T16:36:33.113556,11.439,can0  100  [03]  9F 73 04
2026-06-06T16:36:33.114067,11.439,can0  120  [04]  00 00 00 00
2026-06-06T16:36:33.114140,11.440,can0  204  [16]  6E 23 15 45 34 27 A6 09 28 23 30 75 30 75 00 00
2026-06-06T16:36:33.114190,11.440,can0  214  [64]  A6 09 00 00 E4 E0 FF FF C5 FE FF FF 62 FD FF FF A0 D5 5E 1D 00 04 91 B6 07 02 00 00 1C 00 00 00 44 11 00 00 FF 01 00 00 FF 01 00 00 E8 0D 00 00 02 08 00 00 00 00 00 00 00 00 00 00 00 00 00 00
2026-06-06T16:36:33.119179,11.445,can0  206  [24]  7A 0C 65 06 5D 0C 99 C6 5B 07 71 0C 9E 0C 00 00 00 00 00 00 00 00 00 00
2026-06-06T16:36:33.119475,11.445,can0  041  [04]  C9 00 02 00
2026-06-06T16:36:33.119792,11.445,can0  204  [16]  6E 23 15 45 34 27 A6 09 28 23 30 75 30 75 00 00
2026-06-06T16:36:33.119847,11.445,can0  214  [64]  A6 09 00 00 E4 E0 FF FF C5 FE FF FF 62 FD FF FF A0 D5 5E 1D 00 04 91 B6 07 02 00 00 1B 00 00 00 44 11 00 00 FF 01 00 00 FF 01 00 00 E8 0D 00 00 02 08 00 00 00 00 00 00 00 00 00 00 00 00 00 00
2026-06-06T16:36:33.231191,11.557,can0  060  [32]  00 00 00 00 DE 2C 4D 08 F2 03 B8 10 00 00 10 0E FF 01 00 00 00 00 00 00 01 00 00 00 00 00 00 00
2026-06-06T16:36:33.240343,11.566,can0  204  [16]  6E 23 10 45 1B 27 AE 09 28 23 30 75 30 75 00 00
2026-06-06T16:36:33.240430,11.566,can0  214  [64]  AE 09 00 00 CB E0 FF FF C0 FE FF FF 6C FD FF FF A0 D5 5E 1D 00 04 91 B6 07 02 00 00 1B 00 00 00 A8 02 00 00 01 02 00 00 01 02 00 00 E2 0D 00 00 02 08 00 00 00 00 00 00 00 00 00 00 00 00 00 00
2026-06-06T16:36:33.240473,11.566,can0  040  [04]  89 00 10 00
2026-06-06T16:36:33.353867,11.679,can0  070  [20]  E0 2C 4D 08 A0 AE 62 03 E8 80 00 00 24 17 00 00 23 00 00 00
2026-06-06T16:36:33.366356,11.692,can0  206  [24]  7A 0C 64 06 62 0C 99 C6 5B 07 6C 0C 9E 0C 00 00 00 00 00 00 00 00 00 00
2026-06-06T16:36:33.367079,11.692,can0  204  [16]  6E 23 10 45 17 27 3D 09 28 23 30 75 30 75 00 00
2026-06-06T16:36:33.367162,11.693,can0  214  [64]  3D 09 00 00 C7 E0 FF FF C0 FE FF FF 76 FD FF FF A0 D5 5E 1D 00 04 91 B6 08 02 00 00 43 00 00 00 84 0D 00 00 13 02 00 00 13 02 00 00 DB 0D 00 00 02 08 00 00 00 00 00 00 00 00 00 00 00 00 00 00
2026-06-06T16:36:33.367422,11.693,can0  070  [20]  E0 2C 4D 08 A0 AE 62 03 E8 80 00 00 24 17 00 00 24 00 00 00
2026-06-06T16:36:33.422195,11.748,can0  204  [16]  6E 23 10 45 17 27 3D 09 28 23 30 75 30 75 00 00
2026-06-06T16:36:33.422360,11.748,can0  214  [64]  3D 09 00 00 C7 E0 FF FF C0 FE FF FF 76 FD FF FF A0 D5 5E 1D 00 04 91 B6 06 02 00 00 25 00 00 00 84 0D 00 00 13 02 00 00 13 02 00 00 DB 0D 00 00 02 08 00 00 00 00 00 00 00 00 00 00 00 00 00 00
2026-06-06T16:36:33.423014,11.748,can0  041  [04]  B5 00 02 00
2026-06-06T16:36:33.423062,11.748,can0  070  [20]  E0 2C 4D 08 A0 AE 62 03 E8 80 00 00 24 17 00 00 24 00 00 00
2026-06-06T16:36:33.423647,11.749,can0  204  [16]  6E 23 15 45 1E 27 8A 09 28 23 30 75 30 75 00 00
2026-06-06T16:36:33.423795,11.749,can0  214  [64]  8A 09 00 00 CE E0 FF FF C5 FE FF FF 6C FD FF FF A0 D5 5E 1D 00 04 91 B6 06 02 00 00 25 00 00 00 6C 02 00 00 0F 02 00 00 0F 02 00 00 D3 0D 00 00 02 08 00 00 00 00 00 00 00 00 00 00 00 00 00 00
2026-06-06T16:36:33.550645,11.876,can0  206  [24]  7A 0C 64 06 62 0C 99 C6 5B 07 6C 0C 9E 0C 00 00 00 00 00 00 00 00 00 00
2026-06-06T16:36:33.551175,11.877,can0  040  [04]  83 00 0F 00
2026-06-06T16:36:33.551229,11.877,can0  204  [16]  6E 23 15 45 1E 27 8A 09 28 23 30 75 30 75 00 00
2026-06-06T16:36:33.551283,11.877,can0  214  [64]  8A 09 00 00 CE E0 FF FF C5 FE FF FF 6C FD FF FF A0 D5 5E 1D 00 04 91 B6 08 02 00 00 0A 00 00 00 6C 02 00 00 0F 02 00 00 0F 02 00 00 D3 0D 00 00 02 08 00 00 00 00 00 00 00 00 00 00 00 00 00 00
2026-06-06T16:36:33.668350,11.994,can0  204  [16]  6E 23 17 45 3B 27 3B 09 28 23 30 75 30 75 00 00
2026-06-06T16:36:33.668494,11.994,can0  214  [64]  3B 09 00 00 EC E0 FF FF C7 FE FF FF 80 FD FF FF A0 D5 5E 1D 00 04 91 B6 07 02 00 00 0A 00 00 00 6E 14 00 00 02 02 00 00 02 02 00 00 C8 0D 00 00 02 08 00 00 00 00 00 00 00 00 00 00 00 00 00 00
2026-06-06T16:36:33.673916,11.999,can0  206  [24]  7A 0C 64 06 62 0C 99 C6 5B 07 66 0C 9E 0C 00 00 00 00 00 00 00 00 00 00
2026-06-06T16:36:33.747984,12.073,can0  204  [16]  6E 23 16 45 42 27 CB 09 28 23 30 75 30 75 00 00
2026-06-06T16:36:33.748136,12.074,can0  214  [64]  CB 09 00 00 F2 E0 FF FF C6 FE FF FF 76 FD FF FF A0 D5 5E 1D 00 04 91 B6 07 02 00 00 53 00 00 00 D0 4D 00 00 22 02 00 00 22 02 00 00 BF 0D 00 00 02 08 00 00 00 00 00 00 00 00 00 00 00 00 00 00
2026-06-06T16:36:33.748550,12.074,can0  041  [04]  B5 00 02 00
2026-06-06T16:36:33.748826,12.074,can0  060  [32]  00 00 00 00 00 00 00 00 00 00 00 00 00 00 00 00 00 00 00 00 00 00 00 00 00 00 00 00 00 00 00 00
2026-06-06T16:36:33.749217,12.075,can0  204  [16]  6E 23 16 45 42 27 CB 09 28 23 30 75 30 75 00 00
2026-06-06T16:36:33.749320,12.075,can0  214  [64]  CB 09 00 00 F2 E0 FF FF C6 FE FF FF 76 FD FF FF A0 D5 5E 1D 00 04 91 B6 07 02 00 00 41 00 00 00 D0 4D 00 00 22 02 00 00 22 02 00 00 BF 0D 00 00 02 08 00 00 00 00 00 00 00 00 00 00 00 00 00 00
2026-06-06T16:36:33.848100,12.174,can0  040  [04]  73 00 0E 00
2026-06-06T16:36:33.851129,12.177,can0  206  [24]  7A 0C 64 06 62 0C 99 C6 5B 07 66 0C 9E 0C 00 00 00 00 00 00 00 00 00 00
2026-06-06T16:36:33.851459,12.177,can0  204  [16]  6E 23 13 45 38 27 CA 0B 28 23 30 75 30 75 00 00
2026-06-06T16:36:33.851591,12.177,can0  214  [64]  CA 0B 00 00 E9 E0 FF FF C3 FE FF FF 80 FD FF FF A0 D5 5E 1D 00 04 91 B6 08 02 00 00 41 00 00 00 EC 18 00 00 0F 02 00 00 0F 02 00 00 B7 0D 00 00 02 08 00 00 00 00 00 00 00 00 00 00 00 00 00 00
2026-06-06T16:36:33.909199,12.235,can0  204  [16]  6E 23 10 45 29 27 1D 0A 28 23 30 75 30 75 00 00
2026-06-06T16:36:33.909388,12.235,can0  214  [64]  1D 0A 00 00 D9 E0 FF FF C0 FE FF FF 8A FD FF FF A0 D5 5E 1D 00 04 91 B6 08 02 00 00 10 00 00 00 92 04 00 00 FF 01 00 00 FF 01 00 00 B1 0D 00 00 02 08 00 00 00 00 00 00 00 00 00 00 00 00 00 00
2026-06-06T16:36:33.909691,12.235,can0  070  [20]  E0 2C 4D 08 A0 AE 62 03 E8 80 00 00 24 17 00 00 24 00 00 00
2026-06-06T16:36:33.910018,12.235,can0  041  [04]  B5 00 02 00
2026-06-06T16:36:33.910303,12.236,can0  204  [16]  6E 23 10 45 29 27 1D 0A 28 23 30 75 30 75 00 00
2026-06-06T16:36:33.910377,12.236,can0  214  [64]  1D 0A 00 00 D9 E0 FF FF C0 FE FF FF 8A FD FF FF A0 D5 5E 1D 00 04 91 B6 08 02 00 00 2E 00 00 00 92 04 00 00 FF 01 00 00 FF 01 00 00 B1 0D 00 00 02 08 00 00 00 00 00 00 00 00 00 00 00 00 00 00
2026-06-06T16:36:34.036903,12.362,can0  206  [24]  7A 0C 65 06 62 0C 99 C6 5B 07 66 0C 9E 0C 00 00 00 00 00 00 00 00 00 00
2026-06-06T16:36:34.037474,12.363,can0  204  [16]  6E 23 11 45 1B 27 6F 09 28 23 30 75 30 75 00 00
2026-06-06T16:36:34.037554,12.363,can0  214  [64]  6F 09 00 00 CB E0 FF FF C1 FE FF FF 8A FD FF FF A0 D5 5E 1D 00 04 91 B6 08 02 00 00 2E 00 00 00 CE 36 00 00 FF 01 00 00 FF 01 00 00 AC 0D 00 00 02 08 00 00 00 00 00 00 00 00 00 00 00 00 00 00
2026-06-06T16:36:34.037672,12.363,can0  070  [20]  E0 2C 4D 08 A0 AE 62 03 E8 80 00 00 24 17 00 00 24 00 00 00
2026-06-06T16:36:34.044137,12.370,can0  040  [04]  69 00 11 00
2026-06-06T16:36:34.136372,12.462,can0  204  [16]  6E 23 11 45 1B 27 6F 09 28 23 30 75 30 75 00 00
2026-06-06T16:36:34.136488,12.462,can0  214  [64]  6F 09 00 00 CB E0 FF FF C1 FE FF FF 8A FD FF FF A0 D5 5E 1D 00 04 91 B6 09 02 00 00 1E 00 00 00 CE 36 00 00 FF 01 00 00 FF 01 00 00 AC 0D 00 00 02 08 00 00 00 00 00 00 00 00 00 00 00 00 00 00
2026-06-06T16:36:34.141581,12.467,can0  206  [24]  75 0C 65 06 5D 0C 99 C6 5A 07 6B 0C A3 0C 00 00 00 00 00 00 00 00 00 00
2026-06-06T16:36:34.142083,12.467,can0  204  [16]  6E 23 14 45 17 27 2C 0B 28 23 30 75 30 75 00 00
2026-06-06T16:36:34.142160,12.468,can0  214  [64]  2C 0B 00 00 C7 E0 FF FF C4 FE FF FF 94 FD FF FF A0 D5 5E 1D 00 04 91 B6 0A 02 00 00 1E 00 00 00 BE 46 00 00 FB 01 00 00 FB 01 00 00 AA 0D 00 00 02 08 00 00 00 00 00 00 00 00 00 00 00 00 00 00
2026-06-06T16:36:34.210780,12.536,can0  041  [04]  B5 00 02 00
2026-06-06T16:36:34.211006,12.536,can0  060  [32]  00 00 00 00 E0 2C 4D 08 F5 03 B8 10 00 00 10 0E FF 01 00 00 00 00 00 00 01 00 00 00 00 00 00 00
2026-06-06T16:36:34.211680,12.537,can0  204  [16]  6E 23 15 45 1E 27 C7 0B 28 23 30 75 30 75 00 00
2026-06-06T16:36:34.211729,12.537,can0  214  [64]  C7 0B 00 00 CE E0 FF FF C5 FE FF FF A8 FD FF FF A0 D5 5E 1D 00 04 91 B6 0A 02 00 00 14 00 00 00 3C 37 00 00 06 02 00 00 06 02 00 00 A5 0D 00 00 02 08 00 00 00 00 00 00 00 00 00 00 00 00 00 00
2026-06-06T16:36:34.355980,12.681,can0  100  [03]  A3 73 04
2026-06-06T16:36:34.356227,12.682,can0  110  [02]  20 1B
2026-06-06T16:36:34.356471,12.682,can0  120  [04]  00 00 00 00
2026-06-06T16:36:34.356616,12.682,can0  070  [20]  E0 2C 4D 08 A4 AE 62 03 D0 84 00 00 24 17 00 00 2B 00 00 00
2026-06-06T16:36:34.361197,12.687,can0  206  [24]  71 0C 65 06 67 0C 99 C6 5A 07 66 0C A3 0C 00 00 00 00 00 00 00 00 00 00
2026-06-06T16:36:34.361504,12.687,can0  204  [16]  6E 23 15 45 1E 27 C7 0B 28 23 30 75 30 75 00 00
2026-06-06T16:36:34.361641,12.687,can0  214  [64]  C7 0B 00 00 CE E0 FF FF C5 FE FF FF A8 FD FF FF A0 D5 5E 1D 00 04 91 B6 0B 02 00 00 2A 00 00 00 3C 37 00 00 06 02 00 00 06 02 00 00 A5 0D 00 00 02 08 00 00 00 00 00 00 00 00 00 00 00 00 00 00
2026-06-06T16:36:34.362354,12.688,can0  040  [04]  6E 00 14 00
2026-06-06T16:36:34.370896,12.696,can0  070  [20]  E0 2C 4D 08 A4 AE 62 03 D0 84 00 00 24 17 00 00 2A 00 00 00
2026-06-06T16:36:34.414450,12.740,can0  204  [16]  6E 23 15 45 1E 27 C7 0B 28 23 30 75 30 75 00 00
2026-06-06T16:36:34.414569,12.740,can0  214  [64]  C7 0B 00 00 CE E0 FF FF C5 FE FF FF A8 FD FF FF A0 D5 5E 1D 00 04 91 B6 0B 02 00 00 2A 00 00 00 3C 37 00 00 06 02 00 00 06 02 00 00 A5 0D 00 00 02 08 00 00 00 00 00 00 00 00 00 00 00 00 00 00
2026-06-06T16:36:34.415041,12.740,can0  070  [20]  E0 2C 4D 08 A4 AE 62 03 D0 84 00 00 24 17 00 00 2A 00 00 00
2026-06-06T16:36:34.415796,12.741,can0  204  [16]  6E 23 14 45 25 27 5E 0B 28 23 30 75 30 75 00 00
2026-06-06T16:36:34.415965,12.741,can0  214  [64]  5E 0B 00 00 D5 E0 FF FF C4 FE FF FF B2 FD FF FF A0 D5 5E 1D 00 04 91 B6 0B 02 00 00 2A 00 00 00 56 22 00 00 06 02 00 00 06 02 00 00 A1 0D 00 00 02 08 00 00 00 00 00 00 00 00 00 00 00 00 00 00
2026-06-06T16:36:34.539851,12.865,can0  206  [24]  71 0C 65 06 62 0C 99 C6 5A 07 6B 0C A3 0C 00 00 00 00 00 00 00 00 00 00
2026-06-06T16:36:34.540142,12.866,can0  041  [04]  10 01 06 00
2026-06-06T16:36:34.540392,12.866,can0  204  [16]  6E 23 12 45 25 27 BF 0A 28 23 30 75 30 75 00 00
2026-06-06T16:36:34.540535,12.866,can0  214  [64]  BF 0A 00 00 D5 E0 FF FF C2 FE FF FF B2 FD FF FF A0 D5 5E 1D 00 04 91 B6 0B 02 00 00 06 00 00 00 C4 27 00 00 08 02 00 00 08 02 00 00 9E 0D 00 00 02 08 00 00 00 00 00 00 00 00 00 00 00 00 00 00
2026-06-06T16:36:34.660421,12.986,can0  040  [04]  73 00 13 00
2026-06-06T16:36:34.660748,12.986,can0  204  [16]  6E 23 12 45 25 27 BF 0A 28 23 30 75 30 75 00 00
2026-06-06T16:36:34.660927,12.986,can0  214  [64]  BF 0A 00 00 D5 E0 FF FF C2 FE FF FF B2 FD FF FF A0 D5 5E 1D 00 04 91 B6 0C 02 00 00 11 00 00 00 C4 27 00 00 08 02 00 00 08 02 00 00 9E 0D 00 00 02 08 00 00 00 00 00 00 00 00 00 00 00 00 00 00
2026-06-06T16:36:34.666167,12.992,can0  206  [24]  71 0C 65 06 67 0C 99 C6 5B 07 6C 0C A3 0C 00 00 00 00 00 00 00 00 00 00
2026-06-06T16:36:34.666648,12.992,can0  204  [16]  6E 23 11 45 29 27 FC 0A 28 23 30 75 30 75 00 00
2026-06-06T16:36:34.666774,12.992,can0  214  [64]  FC 0A 00 00 D9 E0 FF FF C1 FE FF FF BC FD FF FF A0 D5 5E 1D 00 04 91 B6 0C 02 00 00 11 00 00 00 6C 2A 00 00 03 02 00 00 03 02 00 00 9C 0D 00 00 02 08 00 00 00 00 00 00 00 00 00 00 00 00 00 00
2026-06-06T16:36:34.722814,13.048,can0  060  [32]  00 00 00 00 00 00 00 00 00 00 00 00 00 00 00 00 00 00 00 00 00 00 00 00 00 00 00 00 00 00 00 00
2026-06-06T16:36:34.723121,13.049,can0  204  [16]  6E 23 12 45 25 27 23 0B 28 23 30 75 30 75 00 00
2026-06-06T16:36:34.723214,13.049,can0  214  [64]  23 0B 00 00 D5 E0 FF FF C2 FE FF FF C6 FD FF FF A0 D5 5E 1D 00 04 91 B6 0C 02 00 00 24 00 00 00 38 27 00 00 FF 01 00 00 FF 01 00 00 99 0D 00 00 02 08 00 00 00 00 00 00 00 00 00 00 00 00 00 00
2026-06-06T16:36:34.723645,13.049,can0  041  [04]  F8 00 06 00
2026-06-06T16:36:34.850400,13.176,can0  206  [24]  75 0C 65 06 5D 0C 99 C6 5C 07 71 0C A3 0C 00 00 00 00 00 00 00 00 00 00
2026-06-06T16:36:34.850760,13.176,can0  204  [16]  6E 23 12 45 25 27 23 0B 28 23 30 75 30 75 00 00
2026-06-06T16:36:34.850895,13.176,can0  214  [64]  23 0B 00 00 D5 E0 FF FF C2 FE FF FF C6 FD FF FF A0 D5 5E 1D 00 04 91 B6 0B 02 00 00 08 00 00 00 38 27 00 00 FF 01 00 00 FF 01 00 00 99 0D 00 00 02 08 00 00 00 00 00 00 00 00 00 00 00 00 00 00
2026-06-06T16:36:34.852431,13.178,can0  040  [04]  75 00 12 00
2026-06-06T16:36:34.970827,13.296,can0  204  [16]  6E 23 13 45 22 27 1B 0B 28 23 30 75 30 75 00 00
2026-06-06T16:36:34.970953,13.296,can0  214  [64]  1B 0B 00 00 D3 E0 FF FF C3 FE FF FF BC FD FF FF A0 D5 5E 1D 00 04 91 B6 0B 02 00 00 08 00 00 00 1B 66 00 00 01 02 00 00 01 02 00 00 96 0D 00 00 02 08 00 00 00 00 00 00 00 00 00 00 00 00 00 00
2026-06-06T16:36:34.971301,13.297,can0  070  [20]  E0 2C 4D 08 A4 AE 62 03 D0 84 00 00 24 17 00 00 2A 00 00 00
2026-06-06T16:36:34.971758,13.297,can0  204  [16]  6E 23 13 45 22 27 1B 0B 28 23 30 75 30 75 00 00
2026-06-06T16:36:34.971854,13.297,can0  214  [64]  1B 0B 00 00 D3 E0 FF FF C3 FE FF FF BC FD FF FF A0 D5 5E 1D 00 04 91 B6 0B 02 00 00 0B 00 00 00 1B 66 00 00 01 02 00 00 01 02 00 00 96 0D 00 00 02 08 00 00 00 00 00 00 00 00 00 00 00 00 00 00
2026-06-06T16:36:35.033639,13.359,can0  206  [24]  71 0C 65 06 62 0C 99 C6 5C 07 75 0C A3 0C 00 00 00 00 00 00 00 00 00 00
2026-06-06T16:36:35.033766,13.359,can0  041  [04]  F3 00 0A 00
2026-06-06T16:36:35.033837,13.359,can0  204  [16]  6E 23 15 45 25 27 4A 0D 28 23 30 75 30 75 00 00
2026-06-06T16:36:35.033910,13.359,can0  214  [64]  4A 0D 00 00 D5 E0 FF FF C5 FE FF FF BC FD FF FF A0 D5 5E 1D 00 04 91 B6 0B 02 00 00 0B 00 00 00 44 02 00 00 FF 01 00 00 FF 01 00 00 91 0D 00 00 02 08 00 00 00 00 00 00 00 00 00 00 00 00 00 00
2026-06-06T16:36:35.034149,13.360,can0  070  [20]  E0 2C 4D 08 A4 AE 62 03 D0 84 00 00 24 17 00 00 2A 00 00 00
